name,zip,county,district,latitude,longitude
Újbarok,2066,Fejér,,47.4790282,18.558418867294673
Óbarok,2063,Fejér,,47.49223963494682,18.56803572284822
Szente,2655,Nógrád,,47.96750952503494,19.28303115270371
Ősagárd,2610,Nógrád,,47.85812824857884,19.191944003428013
Cserháthaláp,2694,Nógrád,,47.97957318856072,19.37794500930251
Ipolyszög,2660,Nógrád,,48.05228747180134,19.23242637
Kozárd,3053,Nógrád,,47.91423410780291,19.61855029538962
Garáb,3067,Nógrád,,47.978010612876545,19.63981670064878
Bokor,3066,Nógrád,,47.92958933983575,19.5418541
Kánó,3735,Borsod-Abaúj-Zemplén,,48.427568401281064,20.599179409988082
Meszes,3754,Borsod-Abaúj-Zemplén,,48.438595415483476,20.795230294945608
Hidvégardó,3768,Borsod-Abaúj-Zemplén,,48.55979275,20.83907202538742
Komjáti,3765,Borsod-Abaúj-Zemplén,,48.545175153494775,20.76165344571901
Damak,3780,Borsod-Abaúj-Zemplén,,48.31663993212449,20.821475439182905
Becskeháza,3768,Borsod-Abaúj-Zemplén,,48.52935440743349,20.83551345899924
Tornabarakony,3765,Borsod-Abaúj-Zemplén,,48.49214682169856,20.81903671898759
Sajólászlófalva,3773,Borsod-Abaúj-Zemplén,,48.18501937998365,20.673515411216417
Varbóc,3756,Borsod-Abaúj-Zemplén,,48.464041054214476,20.64509097374956
Balajt,3780,Borsod-Abaúj-Zemplén,,48.32079555017673,20.786709614865305
Siklósnagyfalu,7823,Baranya,,45.82020480923376,18.36330826184779
Bosta,7811,Baranya,,45.949952201489644,18.21033856288692
Kásád,7827,Baranya,,45.779070766190706,18.399285173240138
Rádfalva,7817,Baranya,,45.859635945561614,18.12552821
Siklósbodony,7814,Baranya,,45.91036017286924,18.120384967431782
Kisdér,7814,Baranya,,45.939568094003754,18.127994304208418
Csarnóta,7811,Baranya,,45.89475438617505,18.216090549036288
Szilvás,7811,Baranya,,45.96146199659054,18.198260770379978
Bisse,7811,Baranya,,45.90836432055328,18.26008150862904
Márfa,7817,Baranya,,45.85944389192113,18.184652687381508
Babarcszőlős,7814,Baranya,,45.89856792173233,18.136231930987105
Túrony,7811,Baranya,,45.90540759268389,18.230919116373634
Szalmatercs,3163,Nógrád,,48.12272756278361,19.63590478068097
Egercsehi,3341,Heves,,48.054464924098205,20.261061918691205
Pálosvörösmart,3261,Heves,,47.81522995573538,19.996567864513995
Nagykeresztúr,3129,Nógrád,,48.038760241876474,19.725372418390073
Sajómercse,3656,Borsod-Abaúj-Zemplén,,48.245881398944434,20.414834336525246
Lénárddaróc,3648,Borsod-Abaúj-Zemplén,,48.148710374353115,20.37239812471818
Budapest,1032,Budapest,III. kerület,47.54157,19.04501
Budapest,1036,Budapest,III. kerület,47.54157,19.04501
Budapest,1038,Budapest,III. kerület,47.54157,19.04501
Budapest,1035,Budapest,III. kerület,47.54157,19.04501
Budapest,1034,Budapest,III. kerület,47.54157,19.04501
Budapest,1033,Budapest,III. kerület,47.54157,19.04501
Budapest,1031,Budapest,III. kerület,47.54157,19.04501
Budapest,1132,Budapest,XIII. kerület,47.52978,19.08068
Budapest,1136,Budapest,XIII. kerület,47.52978,19.08068
Budapest,1131,Budapest,XIII. kerület,47.52978,19.08068
Budapest,1133,Budapest,XIII. kerület,47.52978,19.08068
Budapest,1135,Budapest,XIII. kerület,47.52978,19.08068
Budapest,1134,Budapest,XIII. kerület,47.52978,19.08068
Budapest,1042,Budapest,IV. kerület,47.56182,19.08909
Budapest,1048,Budapest,IV. kerület,47.56182,19.08909
Budapest,1046,Budapest,IV. kerület,47.56182,19.08909
Budapest,1041,Budapest,IV. kerület,47.56182,19.08909
Budapest,1045,Budapest,IV. kerület,47.56182,19.08909
Budapest,1044,Budapest,IV. kerület,47.56182,19.08909
Budapest,1026,Budapest,II. kerület,47.51984,19.02218
Budapest,1022,Budapest,II. kerület,47.51984,19.02218
Budapest,1024,Budapest,II. kerület,47.51984,19.02218
Budapest,1029,Budapest,II. kerület,47.51984,19.02218
Budapest,1025,Budapest,II. kerület,47.51984,19.02218
Budapest,1023,Budapest,II. kerület,47.51984,19.02218
Budapest,1085,Budapest,VIII. kerület,47.48919,19.07012
Budapest,1087,Budapest,VIII. kerület,47.48919,19.07012
Budapest,1089,Budapest,VIII. kerület,47.48919,19.07012
Budapest,1086,Budapest,VIII. kerület,47.48919,19.07012
Budapest,1088,Budapest,VIII. kerület,47.48919,19.07012
Budapest,1082,Budapest,VIII. kerület,47.48919,19.07012
Budapest,1083,Budapest,VIII. kerület,47.48919,19.07012
Budapest,1123,Budapest,XII. kerület,47.49192,19.01493
Budapest,1126,Budapest,XII. kerület,47.49192,19.01493
Budapest,1121,Budapest,XII. kerület,47.49192,19.01493
Budapest,1125,Budapest,XII. kerület,47.49192,19.01493
Budapest,1122,Budapest,XII. kerület,47.49192,19.01493
Budapest,1124,Budapest,XII. kerület,47.49192,19.01493
Budapest,1067,Budapest,VI. kerület,47.50369,19.06583
Budapest,1063,Budapest,VI. kerület,47.50369,19.06583
Budapest,1061,Budapest,VI. kerület,47.50369,19.06583
Budapest,1066,Budapest,VI. kerület,47.50369,19.06583
Budapest,1065,Budapest,VI. kerület,47.50369,19.06583
Budapest,1068,Budapest,VI. kerület,47.50369,19.06583
Budapest,1014,Budapest,I. kerület,47.49705,19.03961
Budapest,1015,Budapest,I. kerület,47.49705,19.03961
Budapest,1016,Budapest,I. kerület,47.49705,19.03961
Budapest,1013,Budapest,I. kerület,47.49705,19.03961
Budapest,1012,Budapest,I. kerület,47.49705,19.03961
Budapest,1011,Budapest,I. kerület,47.49705,19.03961
Alsószuha,3726,Borsod-Abaúj-Zemplén,,48.37231147333445,20.505560271036273
Kissikátor,3627,Borsod-Abaúj-Zemplén,,48.194496686781946,20.130447524703904
Sóstófalva,3716,Borsod-Abaúj-Zemplén,,48.156097731134786,20.987409801890827
Sajósenye,3712,Borsod-Abaúj-Zemplén,,48.19603161230185,20.81880047065606
Felsőnyárád,3721,Borsod-Abaúj-Zemplén,,48.329837360560546,20.598868648979668
Dövény,3721,Borsod-Abaúj-Zemplén,,48.34666948911209,20.543091741604457
Sajóivánka,3720,Borsod-Abaúj-Zemplén,,48.26535280294695,20.57943262273241
Kiscsécs,3578,Borsod-Abaúj-Zemplén,,47.967655891124814,21.011100893664683
Bükkmogyorósd,3648,Borsod-Abaúj-Zemplén,,48.12908299574937,20.355794759140856
Trizs,3724,Borsod-Abaúj-Zemplén,,48.42485624009886,20.495962490192543
Nyomár,3795,Borsod-Abaúj-Zemplén,,48.27543108217248,20.81975846621552
Ládbesenyő,3780,Borsod-Abaúj-Zemplén,,48.34296088915545,20.78592287726154
Monaj,3812,Borsod-Abaúj-Zemplén,,48.30557965726839,20.934877627278958
Ziliz,3794,Borsod-Abaúj-Zemplén,,48.25102295972108,20.792400243355893
Hegymeg,3786,Borsod-Abaúj-Zemplén,,48.331334674481305,20.86120500060069
Baskó,3881,Borsod-Abaúj-Zemplén,,48.332437000044564,21.33604115456577
Hernádpetri,3874,Borsod-Abaúj-Zemplén,,48.48138559715412,21.161946781460948
Litka,3866,Borsod-Abaúj-Zemplén,,48.45464972711876,21.058466813659134
Abaújszántó,3881,Borsod-Abaúj-Zemplén,,48.27873879199373,21.185528368414566
Hernádbűd,3853,Borsod-Abaúj-Zemplén,,48.29672017,21.13734040586568
Pusztaradvány,3874,Borsod-Abaúj-Zemplén,,48.467737139970914,21.133908473448752
Darnó,4737,Szabolcs-Szatmár-Bereg,,47.957204446979084,22.661415401579223
Kishuta,3994,Borsod-Abaúj-Zemplén,,48.45028143538003,21.481229368898195
Pálháza,3994,Borsod-Abaúj-Zemplén,,48.47147773819715,21.50688061458355
Vágáshuta,3992,Borsod-Abaúj-Zemplén,,48.42628322581762,21.545319782086846
Semjén,3974,Borsod-Abaúj-Zemplén,,48.351866677546894,21.96822312178034
Felsőregmec,3989,Borsod-Abaúj-Zemplén,,48.49164884,21.60579181601144
Füzérkajata,3994,Borsod-Abaúj-Zemplén,,48.51820697755365,21.499878732417283
Kisrozvágy,3965,Borsod-Abaúj-Zemplén,,48.34905202,21.938695505740306
Alsóregmec,3989,Borsod-Abaúj-Zemplén,,48.46317664840399,21.618791183937333
Győröcske,4625,Szabolcs-Szatmár-Bereg,,48.38527105962588,22.15205985427589
Hermánszeg,4735,Szabolcs-Szatmár-Bereg,,47.903861735677815,22.624968338564788
Regéc,3893,Borsod-Abaúj-Zemplén,,48.392187200649985,21.34373691
Felsőberecki,3985,Borsod-Abaúj-Zemplén,,48.35939047179816,21.69484420015945
Filkeháza,3994,Borsod-Abaúj-Zemplén,,48.495855614045325,21.488793109869206
Nagyhuta,3994,Borsod-Abaúj-Zemplén,,48.42922136208593,21.493241479901464
Gárdony,2484,Fejér,Agárd,47.18656774089457,18.598583559722055
Budapest,1154,Budapest,XV. kerület,47.56263,19.11681
Budapest,1153,Budapest,XV. kerület,47.56263,19.11681
Budapest,1152,Budapest,XV. kerület,47.56263,19.11681
Budapest,1151,Budapest,XV. kerület,47.56263,19.11681
Budapest,1156,Budapest,XV. kerület,47.56263,19.11681
Budapest,1155,Budapest,XV. kerület,47.56263,19.11681
Budapest,1171,Budapest,XVII. kerület,47.47997,19.25388
Budapest,1172,Budapest,XVII. kerület,47.47997,19.25388
Budapest,1174,Budapest,XVII. kerület,47.47997,19.25388
Budapest,1173,Budapest,XVII. kerület,47.47997,19.25388
Budapest,1214,Budapest,XXI. kerület,47.42215,19.06641
Budapest,1215,Budapest,XXI. kerület,47.42215,19.06641
Budapest,1212,Budapest,XXI. kerület,47.42215,19.06641
Budapest,1213,Budapest,XXI. kerület,47.42215,19.06641
Budapest,1166,Budapest,XVI. kerület,47.51482,19.17028
Budapest,1165,Budapest,XVI. kerület,47.51482,19.17028
Budapest,1162,Budapest,XVI. kerület,47.51482,19.17028
Budapest,1161,Budapest,XVI. kerület,47.51482,19.17028
Budapest,1201,Budapest,XX. kerület,47.43674,19.10093
Budapest,1203,Budapest,XX. kerület,47.43674,19.10093
Budapest,1204,Budapest,XX. kerület,47.43674,19.10093
Budapest,1205,Budapest,XX. kerület,47.43674,19.10093
Érd,2030,Pest,,47.39489,18.91361
Budapest,1191,Budapest,XIX. kerület,47.45293,19.14943
Budapest,1193,Budapest,XIX. kerület,47.45293,19.14943
Budapest,1196,Budapest,XIX. kerület,47.45293,19.14943
Budapest,1192,Budapest,XIX. kerület,47.45293,19.14943
Budapest,1221,Budapest,XXII. kerület,47.42698,19.04016
Budapest,1223,Budapest,XXII. kerület,47.42698,19.04016
Budapest,1222,Budapest,XXII. kerület,47.42698,19.04016
Budapest,1225,Budapest,XXII. kerület,47.42698,19.04016
Budapest,1224,Budapest,XXII. kerület,47.42698,19.04016
Gödöllő,2100,Pest,,47.59657,19.35515
Dunakeszi,2120,Pest,,47.63641,19.13864
Budaörs,2040,Pest,,47.46181,18.95845
Szentendre,2000,Pest,,47.66943,19.07561
Budapest,1237,Budapest,XXIII. kerület,47.39788,19.11492
Budapest,1239,Budapest,XXIII. kerület,47.39788,19.11492
Budapest,1238,Budapest,XXIII. kerület,47.39788,19.11492
Veresegyház,2112,Pest,,47.6459,19.29536
Bugacpusztaháza,6114,Bács-Kiskun,,46.70235179152516,19.63559149825419
Nagyhódos,4977,Szabolcs-Szatmár-Bereg,,47.96250817392595,22.847196700360712
Nemesborzova,4942,Szabolcs-Szatmár-Bereg,,47.99178647,22.63039326
Komlódtótfalu,4765,Szabolcs-Szatmár-Bereg,,47.842562979058954,22.70043751
Gadács,7276,Somogy,,46.53853106,18.00453656886488
Nagyvejke,7186,Tolna,,46.37739952472978,18.445191735498884
Újireg,7095,Tolna,,46.65794949,18.175353346205725
Lápafő,7214,Tolna,,46.51243611964498,18.059472914231453
Szabadi,7253,Somogy,,46.365703778187736,18.03281904447836
Taszár,7261,Somogy,,46.373529206413934,17.905575701656158
Kára,7285,Somogy,,46.617849591602635,18.01090036370441
Fiad,7282,Somogy,,46.63255200256191,17.83852295
Baté,7258,Somogy,,46.35905446152988,17.96353876275412
Vázsnok,7370,Baranya,,46.26528139024995,18.125386867547086
Gerényes,7362,Baranya,,46.30687062970318,18.184838561379514
Varga,7370,Baranya,,46.247520467263364,18.14247145731806
Meződ,7370,Baranya,,46.28963385656273,18.102875306764222
Palé,7370,Baranya,,46.26022921341302,18.069022934075917
Felsőegerszeg,7370,Baranya,,46.253897550138056,18.133580597200993
Oroszló,7370,Baranya,,46.22013458814972,18.12269273
Tarrós,7362,Baranya,,46.28061427531452,18.142510343167007
Tófű,7348,Baranya,,46.30942744073205,18.357822992433466
Kisbeszterce,7391,Baranya,,46.20525266,18.033361896748406
Edde,7443,Somogy,,46.52417978541749,17.71687776174937
Szentbalázs,7472,Somogy,,46.31952259938361,17.897490304763103
Rinyakovácsi,7527,Somogy,,46.28239933837027,17.597234910261072
Kaposgyarmat,7473,Somogy,,46.28007558268067,17.880457396801283
Patca,7477,Somogy,,46.28290170487775,17.722726350829234
Alsóbogát,7443,Somogy,,46.508812685689385,17.745553212357933
Zselicszentpál,7474,Somogy,,46.308041600332274,17.821802796690477
Patalom,7463,Somogy,,46.44926615943646,17.923328199518025
Pálmajor,7561,Somogy,,46.38522314056869,17.567136206954917
Bakháza,7585,Somogy,,46.106292942751296,17.360882015383346
Kátoly,7661,Baranya,,46.06337818737025,18.44975142880058
Kékesd,7661,Baranya,,46.100321959074186,18.47228882770279
Erzsébet,7661,Baranya,,46.10020691994097,18.45859370886234
Rinyaújnép,7584,Somogy,,46.08029536068455,17.354854731087467
Somogyaracs,7584,Somogy,,46.054327875204194,17.39197434081523
Komlósd,7582,Somogy,,46.01865320263983,17.384077520770266
Pereked,7664,Baranya,,46.093923586480955,18.37697660067677
Esztergom,2500,Komárom-Esztergom,,47.7928,18.74148
Gyál,2360,Pest,,47.38449,19.2214
Monor,2200,Pest,,47.35133,19.44733
Vecsés,2220,Pest,,47.40705,19.28648
Péteri,2209,Pest,,47.3890015,19.42337595001458
Vasad,2211,Pest,,47.32936245,19.37748242111963
Kisecset,2655,Nógrád,,47.93673022579365,19.312921934059524
Husztót,7678,Baranya,,46.17113649831073,18.093192872450153
Hetvehely,7681,Baranya,,46.13276394565864,18.043992656476334
Görcsönydoboka,7728,Baranya,,46.07063445186568,18.628205584363663
Birján,7747,Baranya,,46.00078010004432,18.37407689900246
Zengővárkony,7720,Baranya,,46.17280211,18.431927896005405
Lippó,7781,Baranya,,45.86324874278721,18.570270578004738
Kislippó,7775,Baranya,,45.83116978021857,18.539138701139446
Kisjakabfalva,7773,Baranya,,45.896077658195715,18.434779150511385
Peterd,7766,Baranya,,45.972210182345044,18.36086247809639
Kemse,7839,Baranya,,45.82335039075301,17.911839909597393
Tengeri,7834,Baranya,,45.92621253550862,18.08788442694361
Nagytótfalu,7800,Baranya,,45.863603271009076,18.342698281438132
Ózdfalu,7836,Baranya,,45.92848635523464,18.021064871569823
Kémes,7843,Baranya,,45.82405591824131,18.103220908106103
Sámod,7841,Baranya,,45.853499130413724,18.03846054343272
Kórós,7841,Baranya,,45.86668132531363,18.082118311685452
Kisszentmárton,7841,Baranya,,45.824281121182246,18.021820274338157
Hirics,7838,Baranya,,45.82422798385345,17.99335594949918
Regenye,7833,Baranya,,45.96985137290987,18.168490125519455
Páprád,7838,Baranya,,45.89258853993707,18.01029824743064
Drávapiski,7843,Baranya,,45.839580850142845,18.09884719955464
Cún,7843,Baranya,,45.812281846794484,18.067840524211924
Sósvertike,7960,Baranya,,45.83390904692747,17.861230178381703
Vászoly,8245,Veszprém,,46.940184067281905,17.75749639353565
Gilvánfa,7954,Baranya,,45.918196377699914,17.961931660569647
Várad,7973,Baranya,,45.97435086112097,17.745784621088433
Veszprémfajsz,8248,Veszprém,,47.03611231494425,17.896168266275858
Teklafalu,7973,Baranya,,45.94909274,17.728577490654125
Kisdobsza,7985,Baranya,,46.02788942584993,17.654836053387847
Paloznak,8229,Veszprém,,46.98262162989228,17.941669375113513
Horváthertelend,7935,Baranya,,46.17502967060107,17.927161782194485
Magyarmecske,7954,Baranya,,45.94429126402185,17.963949742362278
Merenye,7981,Baranya,,46.06926376,17.69832952279407
Drávagárdony,7977,Baranya,,45.94446553792494,17.604891924362402
Molvány,7981,Baranya,,46.02917611126281,17.74524850437805
Markóc,7967,Baranya,,45.86317024450563,17.76278861
Velény,7951,Baranya,,45.98066194862449,18.05137027925272
Csebény,7935,Baranya,,46.189078650063315,17.92742166943508
Drávasztára,7960,Baranya,,45.82292859354464,17.822227215671212
Szörény,7976,Baranya,,45.96840434869295,17.68226376715558
Endrőc,7973,Baranya,,45.929349522917505,17.76238743594665
Gyöngyfa,7954,Baranya,,45.96009177202768,17.95058928708677
Potony,7977,Baranya,,45.93054779609301,17.649355819628365
Kacsóta,7940,Baranya,,46.03875471914229,17.954539012404048
Kistamási,7981,Baranya,,46.01161906653983,17.721104355119135
Csonkamindszent,7940,Baranya,,46.05171378633318,17.96608688604255
Drávakeresztúr,7967,Baranya,,45.83837298943359,17.75759676101938
Sumony,7960,Baranya,,45.9676754,17.914638508499863
Szabadszentkirály,7951,Baranya,,46.00550454214817,18.043051816609516
Nemeske,7981,Baranya,,46.019936549616226,17.713024695208077
Pécsbagota,7951,Baranya,,45.99052963473263,18.072859345749993
Örvényes,8242,Veszprém,,46.91404983276859,17.81858693
Marócsa,7960,Baranya,,45.91421127471995,17.81543688804251
Kisasszonyfa,7954,Baranya,,45.94662449629159,18.005869136412166
Zalaköveskút,8354,Zala,,46.84774936865129,17.142645237435037
Vindornyafok,8354,Zala,,46.85620038,17.17379369503706
Megyer,8348,Veszprém,,47.06139942797191,17.19174426397911
Kisvásárhely,8341,Zala,,46.99437965893421,17.198352795178803
Hetyefő,8344,Veszprém,,47.04568765911757,17.160177769566854
Zalahaláp,8308,Veszprém,,46.914262356514016,17.45882240553136
Szentjakabfa,8272,Veszprém,,46.93331127195704,17.677082880713996
Vindornyalak,8353,Zala,,46.88673745114034,17.193703074923892
Barnag,8291,Veszprém,,46.97896358353876,17.74638883787143
Balatonrendes,8255,Veszprém,,46.82798706376055,17.583287454379988
Raposka,8300,Veszprém,,46.848822497401436,17.425822676388588
Szalapa,8341,Zala,,46.992575004778544,17.14692111555261
Kékkút,8254,Veszprém,,46.849298975852605,17.558726972422214
Kapolcs,8294,Veszprém,,46.954450402422474,17.60663508883499
Vöröstó,8291,Veszprém,,46.970946017615134,17.721973533745423
Salföld,8256,Veszprém,,46.833977300279436,17.55060536876691
Csehbánya,8445,Veszprém,,47.17875079293153,17.68597212935406
Szentantalfa,8272,Veszprém,,46.912411897424334,17.674238647108343
Káptalanfa,8471,Veszprém,,47.06405851989822,17.34369677403174
Szőc,8452,Veszprém,,47.02126136516091,17.513983303384464
Hegyesd,8296,Veszprém,,46.91603084240356,17.522291612860318
Pula,8291,Veszprém,,46.99788787871041,17.64841222863808
Döbröce,8357,Zala,,46.93595727110797,17.188997649401188
Kisgörbő,8356,Zala,,46.93635243253753,17.155566092372634
Kisapáti,8284,Veszprém,,46.84397446879984,17.468011043903637
Várkesző,8523,Veszprém,,47.42949268352245,17.31487805601925
Kispirit,8496,Veszprém,,47.19750940402717,17.239634614279748
Apácatorna,8477,Veszprém,,47.112406484981626,17.295153192248662
Kisszőlős,8483,Veszprém,,47.195777886340046,17.331069028310978
Vid,8484,Veszprém,,47.21315390698554,17.336108343132555
Bókaháza,8741,Zala,,46.77531493879958,17.104057054341776
Somogycsicsó,8726,Somogy,,46.30971234808782,17.13374778052146
Gyugy,8692,Somogy,,46.68728456574116,17.679737472053986
Somogyegres,8666,Somogy,,46.67568821060948,18.02623407201257
Garabonc,8747,Zala,,46.58906443934861,17.121901353129953
Gadány,8716,Somogy,,46.51836147305592,17.389732990238862
Főnyed,8732,Somogy,,46.63090359,17.25624050089801
Nemeskisfalud,8717,Somogy,,46.439845955577695,17.366033604118854
Kelevíz,8714,Somogy,,46.52264869522671,17.41831133661521
Ganna,8597,Veszprém,,47.23234470390654,17.52903185737881
Bakonyság,8557,Veszprém,,47.400131558580554,17.65124175
Lulla,8660,Somogy,,46.791541512534685,18.022098228968673
Szegerdő,8732,Somogy,,46.63352628773857,17.27574923
Tikos,8731,Somogy,,46.63514194362217,17.287604202095316
Hosszúvíz,8716,Somogy,,46.517572429037614,17.44162690550158
Bakonyjákó,8581,Veszprém,,47.224226958200376,17.601250324419176
Csömend,8700,Somogy,,46.57123109765062,17.491189382041526
Torvaj,8660,Somogy,,46.76577042768141,18.04349193513706
Kisberény,8693,Somogy,,46.640292909254384,17.657728971696358
Pamuk,8698,Somogy,,46.550516479071774,17.636451508127692
Cegléd,2700,Pest,,47.17266,19.79952
Nagykőrös,2750,Pest,,47.03419,19.77857
Zala,8660,Somogy,,46.73915946,18.002237049258117
Libickozma,8707,Somogy,,46.52145092410527,17.53273160408168
Szentmargitfalva,8872,Zala,,46.49618709400345,16.660163765981693
Valkonya,8885,Zala,,46.499557805406866,16.80959145
Zajk,8868,Zala,,46.48453356362693,16.71981251142546
Zalaigrice,8761,Zala,,46.74675699476236,17.009507227144805
Petrivente,8866,Zala,,46.440036632301144,16.840596651627397
Kilimán,8774,Zala,,46.63620650168941,16.99566467343963
Murarátka,8868,Zala,,46.458417496027685,16.67354549788878
Csapi,8756,Zala,,46.53067000209434,17.088927910233192
Gétye,8762,Zala,,46.764041007033164,17.06983963877408
Sénye,8788,Zala,,46.89491308220548,17.134995221975505
Alsórajk,8767,Zala,,46.65366727813627,16.996042487418055
Gelsesziget,8774,Zala,,46.56607338067316,16.988619850094782
Kerkaszentkirály,8874,Zala,,46.49962419653741,16.58395256332201
Kistolmács,8868,Zala,,46.48727884521631,16.74979024083125
Dötk,8799,Zala,,46.94359812005587,17.007043991669057
Ligetfalva,8782,Zala,,46.82286302831265,17.06031826813927
Bázakerettye,8887,Zala,,46.52351462243087,16.728949231675344
Somogybükkösd,8858,Somogy,,46.302116559121124,16.992232346068874
Fűzvölgy,8777,Zala,,46.52406553,16.940757941109144
Börzönce,8772,Zala,,46.57937630667537,16.88888145566295
Lispeszentadorján,8888,Zala,,46.54044999760482,16.69345150995229
Zalaszentmárton,8764,Zala,,46.70381868263802,17.062522249989886
Pötréte,8767,Zala,,46.67980717555298,16.950970726724552
Hosszúvölgy,8777,Zala,,46.51400851705265,16.931929866328947
Tilaj,8782,Zala,,46.80393516975903,17.048784903950903
Szécsisziget,8879,Zala,,46.57275520684506,16.591616349834776
Tata,2890,Komárom-Esztergom,,47.65289,18.31838
Hatvan,3000,Heves,,47.66667,19.68333
Baktüttös,8946,Zala,,46.70015603862822,16.818712535165137
Lakhegy,8913,Zala,,46.94791920758925,16.83403924763863
Orbányosfa,8935,Zala,,46.85376911706824,16.980241485594217
Almásháza,8935,Zala,,46.84276330761676,17.048181481186813
Barlahida,8948,Zala,,46.715080967825465,16.700988165685285
Misefa,8935,Zala,,46.80569430603965,16.985079917136513
Nemesszentandrás,8925,Zala,,46.77420801,16.941921088567465
Zalaszentlőrinc,8921,Zala,,46.91562868679722,16.885526279454954
Gősfa,8913,Zala,,46.95852235230878,16.859049382471113
Pethőhenye,8921,Zala,,46.87691728777321,16.913533107489414
Padár,8935,Zala,,46.85188722733734,17.016005199310804
Nagypáli,8912,Zala,,46.90950617514362,16.84438516019671
Szentkozmadombja,8947,Zala,,46.677712759694735,16.760813545808606
Csatár,8943,Zala,,46.777397850971916,16.87253272262655
Eger,3300,Heves,,47.90265,20.37329
Gyöngyös,3200,Heves,,47.78257,19.928
Csöde,8999,Zala,,46.83574482201405,16.543419784383286
Keménfa,8995,Zala,,46.83978862413781,16.637374613217716
Boncodfölde,8992,Zala,,46.86891150651344,16.73805233990933
Lendvadedes,8978,Zala,,46.58000925522525,16.509234100722768
Pórszombat,8986,Zala,,46.72852233343801,16.57513635543275
Böde,8991,Zala,,46.83724295916674,16.718519170938748
Nagylengyel,8983,Zala,,46.779794102330214,16.76628480576903
Kozmadombja,8988,Zala,,46.76666189417781,16.559124631315726
Teskánd,8991,Zala,,46.85088003913271,16.77661805206108
Pusztaapáti,8986,Zala,,46.762353752389274,16.609956330754382
Gombosszeg,8984,Zala,,46.755849120567035,16.72050276077943
Ramocsa,8973,Zala,,46.775878038009466,16.446986057152476
Ozmánbük,8998,Zala,,46.922461809182494,16.673024882561453
Baglad,8977,Zala,,46.68082510489976,16.485503919870922
Zalaboldogfa,8992,Zala,,46.898654103998396,16.768976523061653
Hagyárosbörönd,8992,Zala,,46.908059493078994,16.703133324716273
Iborfia,8984,Zala,,46.73898440704143,16.748413911507914
Lendvajakabfa,8977,Zala,,46.67570171013501,16.44322470248249
Külsősárd,8978,Zala,,46.62786364604413,16.485352297587657
Belsősárd,8978,Zala,,46.64226970847063,16.472109752217893
Gellénháza,8981,Zala,,46.764133776192715,16.782784969798822
Zalaszentgyörgy,8994,Zala,,46.87165451164404,16.703469535405763
Ormándlak,8983,Zala,,46.75863004451939,16.751893853583443
Márokföld,8976,Zala,,46.71669608911254,16.440118634697782
Rábasebes,9327,Győr-Moson-Sopron,,47.43914016727905,17.24254633719885
Vinár,9534,Vas,,47.30926707597188,17.28281564392727
Vadosfa,9346,Győr-Moson-Sopron,,47.49831891511618,17.128696667477467
Acsalag,9168,Győr-Moson-Sopron,,47.675885395601924,17.19806601
Tárnokréti,9165,Győr-Moson-Sopron,,47.72176425311323,17.307649422364825
Iklanberény,9634,Vas,,47.42411763434496,16.80523833190465
Borgáta,9554,Vas,,47.16026124304873,17.08043839127811
Nemeskocs,9542,Vas,,47.202531015618476,17.18561915
Csér,9375,Győr-Moson-Sopron,,47.41678739597712,16.93317013833418
Ebergőc,9451,Győr-Moson-Sopron,,47.56331822817771,16.811748234641335
Magyarkeresztúr,9346,Győr-Moson-Sopron,,47.51965207593138,17.16561387925417
Porpác,9612,Vas,,47.24160340822487,16.803685058644334
Maglóca,9169,Győr-Moson-Sopron,,47.662369560520006,17.27530576563751
Rábcakapi,9165,Győr-Moson-Sopron,,47.70786187934309,17.275602967119475
Kemeneskápolna,9553,Vas,,47.20843325692608,17.10636989939375
Csáfordjánosfa,9375,Győr-Moson-Sopron,,47.41490358313529,16.95100847161134
Vásárosfalu,9343,Győr-Moson-Sopron,,47.45354873213069,17.116142667345606
Gyalóka,9474,Győr-Moson-Sopron,,47.44245305086695,16.696437004327336
Potyond,9324,Győr-Moson-Sopron,,47.54922308456716,17.182152982392964
Dunaremete,9235,Győr-Moson-Sopron,,47.87598625710264,17.437307340013923
Gór,9625,Vas,,47.35742218090536,16.80183423059094
Tokorcs,9561,Vas,,47.269507999553525,17.097226931610717
Edve,9343,Győr-Moson-Sopron,,47.45495088194497,17.135666797628243
Kőszegszerdahely,9725,Vas,,47.34099393374571,16.514669983887153
Kőszegpaty,9739,Vas,,47.325349671447526,16.64934954986427
Nemescsó,9739,Vas,,47.34900414991589,16.616194254587672
Cák,9725,Vas,,47.353770065292494,16.514794103506343
Ólmod,9733,Vas,,47.414545906559695,16.59113119436068
Kiszsidány,9733,Vas,,47.409768766202035,16.639803840025603
Sárfimizdó,9813,Vas,,46.940875099943696,16.715499591769234
Rábatöttös,9766,Vas,,47.132336420031955,16.80933456873152
Katafa,9915,Vas,,46.97815097708674,16.632607100342803
Halogy,9917,Vas,,46.97111565128614,16.563953665786116
Zsennye,9766,Vas,,47.110835130782164,16.820303497876388
Hegyháthodász,9915,Vas,,46.93546923916342,16.65629478292424
Gyanógeregye,9774,Vas,,47.122767441786266,16.76450961145228
Felsőjánosfa,9934,Vas,,46.84548125066563,16.549955353969143
Hegyhátsál,9915,Vas,,46.958786259479794,16.643845824674926
Torony,9791,Vas,,47.23832974700074,16.53458372592877
Horvátlövő,9796,Vas,,47.179614036869594,16.462075114520594
Győrvár,9821,Vas,,46.986727258085736,16.84130312640154
Nagymizdó,9913,Vas,,46.99007819,16.654146166676945
Bozzai,9752,Vas,,47.20799082219176,16.765056439236098
Megyehíd,9754,Vas,,47.211951808655236,16.843564053512683
Molnaszecsőd,9912,Vas,,47.044191241024656,16.675060191805724
Szaknyér,9934,Vas,,46.86456067197609,16.527122013365112
Harasztifalu,9784,Vas,,47.04932756891578,16.552414965528495
Budapest,1052,Budapest,V. kerület,47.494417144597975,19.052778160956787
Budapest,1054,Budapest,V. kerület,47.50433824312511,19.049585480793887
Budapest,1053,Budapest,V. kerület,47.49112676282899,19.05840322917183
Budapest,1051,Budapest,V. kerület,47.49920098630633,19.049683197636256
Budapest,1007,Budapest,Margitsziget,47.52819660608569,19.04885827227806
Budapest,1071,Budapest,VII. kerület,47.50665598763823,19.07947952987971
Budapest,1073,Budapest,VII. kerület,47.50190611973109,19.06663016399526
Budapest,1091,Budapest,IX. kerület,47.46707653023377,19.118672075086284
Budapest,1095,Budapest,IX. kerület,47.46866056064741,19.071910032598606
Budapest,1096,Budapest,IX. kerület,47.478440128398475,19.078854742483788
Budapest,1101,Budapest,X. kerület,47.48767261948254,19.11365310703434
Budapest,1093,Budapest,IX. kerület,47.48438520084848,19.061562402293593
Budapest,1102,Budapest,X. kerület,47.48860763278955,19.130570281387346
Budapest,1094,Budapest,IX. kerület,47.48290346514307,19.07201151683052
Budapest,1141,Budapest,XIV. kerület,47.52170367104978,19.131330914142016
Budapest,1104,Budapest,X. kerület,47.47917691,19.155238847835925
Budapest,1105,Budapest,X. kerület,47.48457601,19.13800883752524
Budapest,1108,Budapest,X. kerület,47.472450526781856,19.172200198917338
Pilisszentkereszt,2099,Pest,Dobogókő,47.71675528883401,18.89490488653945
Göd,2132,Pest,Felsőgöd,47.70534140952488,19.14251147809189
Sülysáp,2241,Pest,Tápiósüly,47.44247826267636,19.545171944744272
Sülysáp,2242,Pest,Tápiósáp,47.46344107846479,19.499713652249927
Tahitótfalu,2021,Pest,Tótfalu,47.75295719721856,19.090441587717052
Tahitótfalu,2022,Pest,Tahi,47.74752657851467,19.06821536291243
Göd,2131,Pest,Alsógöd,47.68152608510644,19.140976671741324
Visegrád,2026,Pest,Gizellatelep,47.75821688691739,18.935472882563477
Dabas,2371,Pest,Sári,47.21062541431319,19.281729166419076
Ercsi,2453,Fejér,Sinatelep,47.17934430281709,18.864743899547854
Pásztó,3082,Nógrád,Mátrakeresztes,47.89973577501875,19.814191221659218
Pásztó,3065,Nógrád,Hasznos,47.93218586272338,19.73251903392019
Lőrinci,3024,Heves,Selyp,47.76297199642282,19.670523958863345
Kisbér,2879,Komárom-Esztergom,Hánta,47.458133859514945,18.006770826255828
Tata,2835,Komárom-Esztergom,Agostyán,47.66640661540479,18.384226818669287
Baracs,2427,Fejér,Apátszállás,46.914617858361275,18.855399165625975
Dunaújváros,2407,Fejér,Pálhalma,46.98378269343306,18.894680556472224
Lőrinci,3022,Heves,Mátravidéki erőmű,47.71882341158063,19.679182693496994
Tárkány,2943,Komárom-Esztergom,Ölbőpuszta,47.58274983432733,17.93163922602748
Dabas,2373,Pest,Gyón,47.17160302264302,19.332483365347404
Esztergom,2509,Komárom-Esztergom,Kertváros,47.73941963167953,18.730903096407864
Komárom,2921,Komárom-Esztergom,Szőny,47.72997661,18.172374497006878
Bátonyterenye,3078,Nógrád,Kisterenye,48.01189516144242,19.826190581052447
Gyöngyös,3221,Heves,Kékestető,47.87096929877562,20.01040975477905
Parád,3244,Heves,Parádfürdő,47.92591756939505,20.055376181591267
Gyöngyös,3233,Heves,Mátraháza,47.867507874097456,19.97715116376739
Visonta,3272,Heves,Mátrai Erőmű,47.79433523409297,20.054550147660308
Kazár,3147,Nógrád,Mizserfa,48.03574340866576,19.89897619390127
Nyíradony,4252,Hajdú-Bihar,Tamásipuszta,47.63594867195133,21.806605143091925
Hajdúböszörmény,4224,Hajdú-Bihar,Bodaszőlő,47.632251863883496,21.611760567728563
Nyíradony,4253,Hajdú-Bihar,Aradványpuszta,47.66074325943545,21.832882908655808
Nyíregyháza,4246,Szabolcs-Szatmár-Bereg,Butykatelep,47.87727357319596,21.71798144763725
Szolnok,5008,Jász-Nagykun-Szolnok,Szandaszőlős,47.122761042849625,20.209548222692657
Gávavencsellő,4472,Szabolcs-Szatmár-Bereg,Vencsellő,48.169210707711954,21.56128667887257
Nyíregyháza,4481,Szabolcs-Szatmár-Bereg,Sóstóhegy,48.00955261260447,21.744942835314664
Tiszatelek,4486,Szabolcs-Szatmár-Bereg,Kétérköz,48.174152204811016,21.787626637666058
Tiszavárkony,5095,Jász-Nagykun-Szolnok,Tiszavárkonyi Szőlők,47.05498897470613,20.117833930984393
Nyíregyháza,4433,Szabolcs-Szatmár-Bereg,Felsősima,47.90950641493405,21.61733233415762
Nyíregyháza,4405,Szabolcs-Szatmár-Bereg,Borbánya,47.92962656710925,21.73740307148639
Gávavencsellő,4471,Szabolcs-Szatmár-Bereg,Gáva,48.16306616382678,21.57902384080197
Nyíregyháza,4551,Szabolcs-Szatmár-Bereg,Oros,47.95211346720769,21.790143682085674
Nyíregyháza,4432,Szabolcs-Szatmár-Bereg,Nyírszőlős,48.02101349,21.698442052401415
Nyíregyháza,4431,Szabolcs-Szatmár-Bereg,Sóstófürdő,48.00877729393411,21.728733853423517
Létavértes,4283,Hajdú-Bihar,Vértes,47.38776844301367,21.859717089715872
Törökszentmiklós,5212,Jász-Nagykun-Szolnok,Surjány,47.207697098365465,20.474473349960398
Fegyvernek,5213,Jász-Nagykun-Szolnok,Szapárfalu,47.231385038011695,20.525592349319044
Békéscsaba,5671,Békés,Mezőmegyer,46.71526604,21.063722287577182
Orosháza,5903,Békés,Rákóczitelep,46.562393524462806,20.61042986365392
Kecskemét,6008,Bács-Kiskun,Méntelek,46.978926535179504,19.573814173919725
Medgyesbodzás,5664,Békés,Gábortelep,46.531092990308096,20.969984159069647
Gyomaendrőd,5502,Békés,Endrőd,46.928246221511735,20.769344870652994
Kunszentmárton,5449,Jász-Nagykun-Szolnok,Kungyalu,46.904786114042096,20.28591611705064
Orosháza,5904,Békés,Gyopárosfürdő,46.569349962209294,20.622361606770756
Gyula,5711,Békés,Gyulavári,46.64311602992297,21.335393236237334
Medgyesegyháza,5752,Békés,Bánkút,46.50334088131548,21.094846156989544
Békéscsaba,5623,Békés,Gerla,46.70196837,21.183555216550623
Orosháza,5905,Békés,Szentetornya,46.58565905338402,20.61087222971369
Gyomaendrőd,5500,Békés,Gyoma,46.930307634505134,20.81006706
Tiszaföldvár,5461,Jász-Nagykun-Szolnok,Homok,46.95407460251174,20.252065565472865
Baja,6503,Bács-Kiskun,Bajaszentistván,46.20316938955598,18.96227774376139
Hódmezővásárhely,6805,Csongrád-Csanád,Kútvölgy,46.455470874489045,20.449552678488484
Makó,6903,Csongrád-Csanád,Rákos,46.30364339520354,20.592593859568346
Csongrád,6648,Csongrád-Csanád,Bokros,46.753056890112845,20.035720226304505
Paks,7027,Tolna,Dunakömlőd,46.662578671685026,18.875994979941023
Sárbogárd,7003,Fejér,Sárszentmiklós,46.85851666176272,18.627407491715587
Hódmezővásárhely,6806,Csongrád-Csanád,Szikáncs,46.36261151711726,20.45129664072977
Sárbogárd,7018,Fejér,Pusztaegres,46.83891377193867,18.517813668517082
Sárbogárd,7019,Fejér,Sárhatvan,46.874121012077325,18.541340615653546
Hajdúnánás,4080,Hajdú-Bihar,,47.85,21.43333
Kisvárda,4600,Szabolcs-Szatmár-Bereg,,48.21667,22.08333
Budapest,1137,Budapest,XIII. Kerület,47.516085147460096,19.04926064659509
Jászberény,5100,Jász-Nagykun-Szolnok,,47.5,19.91667
Törökszentmiklós,5200,Jász-Nagykun-Szolnok,,47.18333,20.41667
Budapest,1139,Budapest,XIII. kerület,47.53558919137318,19.07588069448188
Budapest,1138,Budapest,XIII. kerület,47.53815793854452,19.06117799372287
Budapest,1157,Budapest,XV. kerület,47.537691389351345,19.147954351888142
Gyula,5700,Békés,,46.65,21.28333
Karcag,5300,Jász-Nagykun-Szolnok,,47.31667,20.93333
Békés,5630,Békés,,46.76667,21.13333
Szarvas,5540,Békés,,46.86667,20.55
Budapest,1158,Budapest,XV. kerület,47.535080606295125,19.13167511102664
Baja,6500,Bács-Kiskun,,46.18299,18.95307
Kiskunhalas,6400,Bács-Kiskun,,46.43402,19.48479
Kalocsa,6300,Bács-Kiskun,,46.52981,18.97283
Szentes,6600,Csongrád-Csanád,,46.65834,20.2608
Paks,7030,Tolna,,46.6221,18.85569
Csongrád,6640,Csongrád-Csanád,,46.71332,20.14241
Zomba,7173,Tolna,,46.41084,18.56577
Komló,7300,Baranya,,46.19278,18.26494
Vállus,8316,Zala,,46.84234277283933,17.30264624829802
Várpalota,8100,Veszprém,,47.19936,18.13954
Tapolca,8300,Veszprém,,46.88152,17.44117
Ajka,8400,Veszprém,,47.10196,17.55892
Keszthely,8360,Zala,,46.76812,17.24317
Bocska,8776,Zala,,46.55367998539322,16.911875506729476
Székesfehérvár,8000,Fejér,,47.18995,18.41034
Szombathely,9700,Vas,,47.23088,16.62155
Kecskemét,6000,Bács-Kiskun,,46.90618,19.69128
Tatabánya,2800,Komárom-Esztergom,,47.58494,18.39325
Kaposvár,7400,Somogy,,46.36667,17.8
Zalaegerszeg,8900,Zala,,46.84,16.84389
Békéscsaba,5600,Békés,,46.68333,21.1
Budapest,1118,Budapest,XI. kerület,47.47603,19.03605
Budapest,1112,Budapest,XI. kerület,47.47603,19.03605
Budapest,1119,Budapest,XI. kerület,47.47603,19.03605
Budapest,1111,Budapest,XI. kerület,47.47603,19.03605
Budapest,1116,Budapest,XI. kerület,47.47603,19.03605
Budapest,1114,Budapest,XI. kerület,47.47603,19.03605
Budapest,1113,Budapest,XI. kerület,47.47603,19.03605
Budapest,1117,Budapest,XI. kerület,47.47603,19.03605
Budapest,1115,Budapest,XI. kerület,47.47603,19.03605
Salgótarján,3100,Nógrád,,48.09872,19.80303
Szekszárd,7100,Tolna,,46.35014,18.70905
Budapest,1039,Budapest,III. kerület,47.54157,19.04501
Budapest,1037,Budapest,III. kerület,47.54157,19.04501
Aba,8127,Fejér,,47.02907,18.52172
Budapest,1043,Budapest,IV. kerület,47.56182,19.08909
Budapest,1047,Budapest,IV. kerület,47.56182,19.08909
Budapest,1184,Budapest,XVIII. kerület,47.44417,19.17595
Budapest,1182,Budapest,XVIII. kerület,47.44417,19.17595
Budapest,1186,Budapest,XVIII. kerület,47.44417,19.17595
Budapest,1188,Budapest,XVIII. kerület,47.44417,19.17595
Budapest,1183,Budapest,XVIII. kerület,47.44417,19.17595
Budapest,1181,Budapest,XVIII. kerület,47.44417,19.17595
Budapest,1187,Budapest,XVIII. kerület,47.44417,19.17595
Budapest,1185,Budapest,XVIII. kerület,47.44417,19.17595
Budapest,1021,Budapest,II. kerület,47.51984,19.02218
Budapest,1027,Budapest,II. kerület,47.51984,19.02218
Budapest,1028,Budapest,II. kerület,47.51984,19.02218
Budapest,1084,Budapest,VIII. kerület,47.48919,19.07012
Budapest,1081,Budapest,VIII. kerület,47.48919,19.07012
Budapest,1211,Budapest,XXI. kerület,47.42215,19.06641
Parádsasvár,3242,Heves,,47.9126,19.97709
Szolnok,5000,Jász-Nagykun-Szolnok,,47.18333,20.2
Budapest,1164,Budapest,XVI. kerület,47.51482,19.17028
Budapest,1163,Budapest,XVI. kerület,47.51482,19.17028
Budapest,1202,Budapest,XX. kerület,47.43674,19.10093
Sopron,9400,Győr-Moson-Sopron,,47.68501,16.59049
Sopron,9408,Győr-Moson-Sopron,Brennbergbánya,47.68501,16.59049
Sopron,9494,Győr-Moson-Sopron,Balf,47.68501,16.59049
Sopronkövesd,9483,Győr-Moson-Sopron,,47.68501,16.59049
Sopron,9407,Győr-Moson-Sopron,Sopronkőhida,47.68501,16.59049
Sopronhorpács,9463,Győr-Moson-Sopron,,47.68501,16.59049
Sopronnémeti,9325,Győr-Moson-Sopron,,47.68501,16.59049
Budapest,1195,Budapest,XIX. kerület,47.45293,19.14943
Budapest,1194,Budapest,XIX. kerület,47.45293,19.14943
Dunaújváros,2400,Fejér,,46.96479,18.93974
Nagykanizsa,8800,Zala,,46.45347,16.99104
Hódmezővásárhely,6800,Csongrád-Csanád,,46.41667,20.33333
Budapest,1062,Budapest,VI. kerület,47.50369,19.06583
Budapest,1064,Budapest,VI. kerület,47.50369,19.06583
Ózd,3600,Borsod-Abaúj-Zemplén,,48.21667,20.3
Vác,2600,Pest,,47.77591,19.13612
Pápa,8500,Veszprém,,47.33004,17.4674
Kazincbarcika,3700,Borsod-Abaúj-Zemplén,,48.25,20.63333
Hajdúböszörmény,4220,Hajdú-Bihar,,47.66667,21.51667
Kiskunfélegyháza,6100,Bács-Kiskun,,46.71213,19.84458
Orosháza,5900,Békés,,46.56667,20.66667
Mosonmagyaróvár,9200,Győr-Moson-Sopron,,47.86789,17.26994
Makó,6900,Csongrád-Csanád,,46.21667,20.48333
Szigetszentmiklós,2310,Pest,,47.34382,19.04335
Hajdúszoboszló,4200,Hajdú-Bihar,,47.45,21.4
Siófok,8600,Somogy,,46.90413,18.058
Dombóvár,7200,Tolna,,46.37657,18.13696
Oroszlány,2840,Komárom-Esztergom,,47.48671,18.31225
Mezőtúr,5400,Jász-Nagykun-Szolnok,,47,20.63333
Komárom,2900,Komárom-Esztergom,,47.74318,18.11913
Mátészalka,4700,Szabolcs-Szatmár-Bereg,,47.95528,22.32348
Mohács,7700,Baranya,,45.9902,18.68621
Mezőkövesd,3400,Borsod-Abaúj-Zemplén,,47.81667,20.58333
Balmazújváros,4060,Hajdú-Bihar,,47.61667,21.35
Baracska,2471,Fejér,,47.282531993848934,18.759858946466718
Pilisszentlászló,2009,Pest,,47.7234006,18.97350142622482
Budakalász,2011,Pest,,47.62324115,19.05001491854616
Pomáz,2013,Pest,,47.664398500000004,18.995118597184998
Budapest,1074,Budapest,VII. kerület,47.50082079132471,19.073744141581404
Budapest,1055,Budapest,V. kerület,47.50984241556892,19.047720895963096
Budapest,1056,Budapest,V. kerület,47.48963345867906,19.054163749947453
Budapest,1072,Budapest,VII. kerület,47.498173410437865,19.06575399106151
Budapest,1077,Budapest,VII. kerület,47.50455942337435,19.07307034110528
Budapest,1092,Budapest,IX. kerület,47.48662696854125,19.065416904038273
Budapest,1078,Budapest,VII. kerület,47.5051483,19.082326785275182
Budapest,1076,Budapest,VII. kerület,47.50247038792303,19.08356398638948
Budapest,1075,Budapest,VII. kerület,47.49765600492025,19.06065603303338
Budapest,1106,Budapest,X. kerület,47.49692844136686,19.163638240579054
Budapest,1107,Budapest,X. kerület,47.47546080826094,19.121096283363453
Budapest,1103,Budapest,X. kerület,47.47158542316026,19.144281323843906
Budapest,1098,Budapest,IX. kerület,47.46608769,19.10917599088955
Budapest,1097,Budapest,IX. kerület,47.466265939100765,19.091730674734556
Budapest,1146,Budapest,XIV. kerület,47.51484857085479,19.08638416868502
Budapest,1142,Budapest,XIV. kerület,47.53295557528736,19.09865531910905
Budapest,1145,Budapest,XIV. kerület,47.51787364786719,19.100268776767855
Budapest,1144,Budapest,XIV. kerület,47.50921284842696,19.14651600132876
Budapest,1143,Budapest,XIV. kerület,47.50614109017776,19.10330076539158
Gárdony,2483,Fejér,,47.19521865,18.64136218495331
Csobánka,2014,Pest,,47.64838495,18.942756120203875
Szigetmonostor,2015,Pest,,47.6432194,19.097637086716887
Leányfalu,2016,Pest,,47.71734495,19.06224069431762
Pócsmegyer,2017,Pest,,47.71479075,19.10933931628185
Dunabogdány,2023,Pest,,47.7668116,19.030662574222212
Kisoroszi,2024,Pest,,47.8059979,19.031406549923727
Visegrád,2025,Pest,,47.766062399999996,18.981308731144942
Dömös,2027,Pest,,47.7505575,18.900765979247137
Pilismarót,2028,Komárom-Esztergom,,47.767174350000005,18.84899312836022
Sóskút,2038,Pest,,47.40579805,18.827586102798506
Pusztazámor,2039,Pest,,47.39478405,18.784392767729145
Törökbálint,2045,Pest,,47.439339399999994,18.91139827667446
Diósd,2049,Pest,,47.4079445,18.94221256600155
Biatorbágy,2051,Pest,,47.4609279,18.82199839605346
Herceghalom,2053,Pest,,47.49895575,18.745390128353627
Bicske,2060,Fejér,,47.5054401,18.62395266142827
Csabdi,2064,Fejér,,47.54373015,18.59683243760841
Mány,2065,Fejér,,47.53607005,18.655999332071843
Szár,2066,Fejér,,47.4756788,18.515750816883042
Szárliget,2067,Fejér,,47.49799765,18.485636890410333
Páty,2071,Pest,,47.51824215,18.828460211809897
Zsámbék,2072,Pest,,47.54005875,18.73144840776173
Tök,2073,Pest,,47.565517400000004,18.745579383489464
Perbál,2074,Pest,,47.59290465,18.785934058185624
Pilisjászfalu,2080,Pest,,47.6562427,18.784023398512154
Piliscsaba,2081,Pest,,47.6262794,18.83499333113869
Solymár,2083,Pest,,47.589811,18.943426091526554
Pilisszentiván,2084,Pest,,47.60676625,18.88717199709879
Pilisvörösvár,2085,Pest,,47.631766799999994,18.897844936375854
Tinnye,2086,Pest,,47.623155249999996,18.778338481012852
Telki,2089,Pest,,47.5522074,18.830450422841928
Remeteszőlős,2090,Pest,,47.5607702,18.92719363068258
Etyek,2091,Fejér,,47.44846005,18.737067267908863
Budakeszi,2092,Pest,,47.507612800000004,18.90074839264932
Budajenő,2093,Pest,,47.569288549999996,18.814105271763857
Nagykovácsi,2094,Pest,,47.56667025,18.884393501943606
Pilisszántó,2095,Pest,,47.66902965,18.89133508355333
Üröm,2096,Pest,,47.5993579,19.01536171482799
Pilisborosjenő,2097,Pest,,47.6072264,18.982218374531584
Pilisszentkereszt,2098,Pest,,47.700857049999996,18.885447783619128
Szada,2111,Pest,,47.62550875,19.30219452727119
Erdőkertes,2113,Pest,,47.67149005,19.314181772429954
Valkó,2114,Pest,,47.5546112,19.499590686323106
Vácszentlászló,2115,Pest,,47.5763274,19.53896647826814
Zsámbok,2116,Pest,,47.54595315,19.607100194684577
Isaszeg,2117,Pest,,47.528732,19.389380264103423
Dány,2118,Pest,,47.516036650000004,19.51287517082468
Pécel,2119,Pest,,47.48803045,19.38581711523831
Sződliget,2133,Pest,,47.72707405,19.146057403207863
Sződ,2134,Pest,,47.70545935,19.18953440064189
Csörög,2135,Pest,,47.7343836,19.193550686382498
Csömör,2141,Pest,,47.55905705,19.204471968470852
Nagytarcsa,2142,Pest,,47.522925650000005,19.291745367456862
Kistarcsa,2143,Pest,,47.54247015,19.277765697912297
Kerepes,2144,Pest,,47.558921850000004,19.303079533485665
Mogyoród,2146,Pest,,47.6037418,19.24740913013881
Fót,2151,Pest,,47.60872845,19.188635603103076
Csomád,2161,Pest,,47.65884325,19.211420346835432
Őrbottyán,2162,Pest,,47.684758599999995,19.274482624508398
Vácrátót,2163,Pest,,47.70825595,19.23607175683701
Váchartyán,2164,Pest,,47.722266450000006,19.268354891025396
Kisnémedi,2165,Pest,,47.7349901,19.282971836320726
Püspökszilágy,2166,Pest,,47.7516646,19.317641898819403
Vácduka,2167,Pest,,47.75047445,19.22111420151525
Aszód,2170,Pest,,47.6800767,19.467919896031354
Kartal,2173,Pest,,47.682238,19.538370339219206
Verseg,2174,Pest,,47.71418345,19.54780360436424
Kálló,2175,Nógrád,,47.7322961,19.483290505445567
Erdőkürt,2176,Nógrád,,47.77476885,19.453968201450238
Erdőtarcsa,2177,Nógrád,,47.76582435,19.529081765769483
Iklad,2181,Pest,,47.6765397,19.429078939132744
Domony,2182,Pest,,47.64140895,19.40969806381896
Galgamácsa,2183,Pest,,47.722475,19.41967144785933
Vácegres,2184,Pest,,47.6700696,19.368312524948326
Váckisújfalu,2185,Pest,,47.705192600000004,19.344997427292526
Bag,2191,Pest,,47.62006795,19.462430029014243
Hévízgyörk,2192,Pest,,47.64168395,19.53408632968678
Galgahévíz,2193,Pest,,47.6292351,19.568132171925534
Tura,2194,Pest,,47.60634475,19.609278567136958
Csévharaszt,2212,Pest,,47.2861749,19.395576372274476
Monorierdő,2213,Pest,,47.31234525,19.50366590831463
Pánd,2214,Pest,,47.33403375,19.632086854258475
Káva,2215,Pest,,47.337669149999996,19.59095641142152
Bénye,2216,Pest,,47.34213325,19.542350843306387
Gomba,2217,Pest,,47.3789978,19.531413018623752
Üllő,2225,Pest,,47.3744688,19.34946911476768
Gyömrő,2230,Pest,,47.4134784,19.387660078208775
Ecser,2233,Pest,,47.43978695,19.308353486024473
Maglód,2234,Pest,,47.441178,19.35722495819205
Mende,2235,Pest,,47.4344326,19.446546181599317
Kóka,2243,Pest,,47.491371,19.581981368241863
Úri,2244,Pest,,47.41018255,19.53885359951716
Tápiószecső,2251,Pest,,47.4437437,19.60566465298421
Tóalmás,2252,Pest,,47.508340000000004,19.666912235041842
Tápióság,2253,Pest,,47.3909035,19.62679275469784
Szentmártonkáta,2254,Pest,,47.443853149999995,19.692726306535597
Szentlőrinckáta,2255,Pest,,47.513885900000005,19.735005000185687
Ráckeve,2300,Pest,,47.16601155,18.91545965622975
Lórév,2309,Pest,,47.11889,18.903727039821952
Halásztelek,2314,Pest,,47.367903299999995,18.976481354634934
Szigethalom,2315,Pest,,47.31431225,19.00455866621622
Kerepes,2145,Pest,Szilasliget,47.57446375944702,19.267896918771545
Tököl,2316,Pest,,47.3201614,18.959928222688635
Szigetcsép,2317,Pest,,47.259753700000005,18.955286060936167
Szigetszentmárton,2318,Pest,,47.21954325,18.94602474480917
Szigetújfalu,2319,Pest,,47.239845900000006,18.933748686526727
Szigetbecse,2321,Pest,,47.110664,18.962531266055564
Makád,2322,Pest,,47.071329250000005,18.931589592230164
Dunaharaszti,2330,Pest,,47.3431432,19.10599157646596
Taksony,2335,Pest,,47.31460605,19.074028011945565
Dunavarsány,2336,Pest,,47.291381349999995,19.053111802375845
Délegyháza,2337,Pest,,47.24224825,19.073868040390668
Áporka,2338,Pest,,47.2287564,19.002716185887934
Majosháza,2339,Pest,,47.264132950000004,19.01893264766684
Kiskunlacháza,2340,Pest,,47.1909141,19.03565530372859
Dömsöd,2344,Pest,,47.0881913,19.039096023576935
Apaj,2345,Pest,,47.1224105,19.118150495959206
Bugyi,2347,Pest,,47.19556875,19.167969023529484
Alsónémedi,2351,Pest,,47.30433325,19.16083485
Felsőpakony,2363,Pest,,47.34338515,19.264534312510488
Ócsa,2364,Pest,,47.28689315,19.259562691321467
Inárcs,2365,Pest,,47.2573661,19.317379800239188
Kakucs,2366,Pest,,47.242844149999996,19.372681473902404
Újhartyán,2367,Pest,,47.2236902,19.40434497156972
Dabas,2370,Pest,,47.17618135,19.26158829395449
Tatárszentgyörgy,2375,Pest,,47.057571300000006,19.3638834
Hernád,2376,Pest,,47.1826904,19.42615733255911
Örkény,2377,Pest,,47.12695395,19.42692136721021
Pusztavacs,2378,Pest,,47.15878155,19.52292324615108
Táborfalva,2381,Pest,,47.09223025,19.469791273749085
Nagyvenyim,2421,Fejér,,46.980846299999996,18.823274690207153
Mezőfalva,2422,Fejér,,46.93246265,18.76734436872362
Daruszentmiklós,2423,Fejér,,46.8630517,18.863963244079343
Előszállás,2424,Fejér,,46.8268087,18.813452658420736
Nagykarácsony,2425,Fejér,,46.8726397,18.76905257677101
Baracs,2426,Fejér,,46.8883572,18.89630711
Kisapostag,2428,Fejér,,46.90209095,18.931663806831683
Perkáta,2431,Fejér,,47.0522286,18.77551368753999
Szabadegyháza,2432,Fejér,,47.08281925,18.703245548494436
Sárosd,2433,Fejér,,47.0367602,18.650509422649556
Hantos,2434,Fejér,,46.99017164999999,18.703535303042983
Nagylók,2435,Fejér,,46.96807955,18.651881167228986
Százhalombatta,2440,Pest,,47.31304055,18.89951714082131
Ercsi,2451,Fejér,,47.2457892,18.878955697387397
Iváncsa,2454,Fejér,,47.147664,18.832853873384884
Beloiannisz,2455,Fejér,,47.18237565,18.82751593303053
Besnyő,2456,Fejér,,47.20189365,18.77663674858847
Adony,2457,Fejér,,47.09033695,18.83672467430913
Kulcs,2458,Fejér,,47.0503919,18.90234988522987
Rácalmás,2459,Fejér,,47.019575,18.904778318928507
Tárnok,2461,Pest,,47.36822645,18.839972291039178
Martonvásár,2462,Fejér,,47.3230672,18.79774222117351
Tordas,2463,Fejér,,47.349250850000004,18.753673336195313
Gyúró,2464,Fejér,,47.3824758,18.741508466153817
Ráckeresztúr,2465,Fejér,,47.285414599999996,18.821830829233647
Kajászó,2472,Fejér,,47.31522325,18.71166810760412
Vál,2473,Fejér,,47.35995375,18.669922887232108
Kápolnásnyék,2475,Fejér,,47.2472224,18.695417744471847
Pázmánd,2476,Fejér,,47.284394649999996,18.64095646646318
Vereb,2477,Fejér,,47.321010099999995,18.63076293213158
Velence,2481,Fejér,,47.2116241,18.675926890746794
Pusztaszabolcs,2490,Fejér,,47.13612445,18.745381836392085
Dorog,2510,Komárom-Esztergom,,47.7173447,18.726493649817517
Kesztölc,2517,Komárom-Esztergom,,47.71277875,18.801506091208886
Leányvár,2518,Komárom-Esztergom,,47.679104499999994,18.763466983661168
Piliscsév,2519,Komárom-Esztergom,,47.67694025,18.820194581368508
Csolnok,2521,Komárom-Esztergom,,47.688873349999994,18.715151372227837
Dág,2522,Komárom-Esztergom,,47.6587015,18.718139963468204
Sárisáp,2523,Komárom-Esztergom,,47.66249095,18.673182713502374
Nagysáp,2524,Komárom-Esztergom,,47.68529825,18.6044372
Bajna,2525,Komárom-Esztergom,,47.641788649999995,18.586811767476952
Epöl,2526,Komárom-Esztergom,,47.6409921,18.653781750002885
Máriahalom,2527,Komárom-Esztergom,,47.6209227,18.719180968486274
Úny,2528,Komárom-Esztergom,,47.6430813,18.747332278668658
Annavölgy,2529,Komárom-Esztergom,,47.6932827,18.66181939527549
Tokod,2531,Komárom-Esztergom,,47.721928000000005,18.64815354653371
Tokodaltáró,2532,Komárom-Esztergom,,47.725593200000006,18.694153080530292
Bajót,2533,Komárom-Esztergom,,47.71682534999999,18.56905811168332
Tát,2534,Komárom-Esztergom,,47.743662400000005,18.64343713925455
Mogyorósbánya,2535,Komárom-Esztergom,,47.72529145,18.599531254970827
Nyergesújfalu,2536,Komárom-Esztergom,,47.710866100000004,18.533350285494635
Lábatlan,2541,Komárom-Esztergom,,47.7292085,18.505930501727015
Süttő,2543,Komárom-Esztergom,,47.717087199999995,18.453692332912677
Neszmély,2544,Komárom-Esztergom,,47.718500500000005,18.388453196993435
Dunaalmás,2545,Komárom-Esztergom,,47.7223574,18.309147414274936
Nőtincs,2610,Nógrád,,47.8729357,19.147617140473482
Felsőpetény,2611,Nógrád,,47.89461735,19.19009002
Kosd,2612,Pest,,47.8101743,19.18192757395611
Rád,2613,Pest,,47.781335850000005,19.231072791067657
Penc,2614,Pest,,47.80201355,19.27261822
Csővár,2615,Pest,,47.8111042,19.326031515665235
Keszeg,2616,Nógrád,,47.842403950000005,19.233137813110606
Alsópetény,2617,Nógrád,,47.873019400000004,19.234532031183097
Nézsa,2618,Nógrád,,47.84702015,19.291079193887718
Legénd,2619,Nógrád,,47.8822536,19.304169435523498
Verőce,2621,Pest,,47.8379366,19.05309149260826
Kismaros,2623,Pest,,47.835544299999995,18.98159911247805
Szokolya,2624,Pest,,47.890340300000005,18.97493410829688
Kóspallag,2625,Pest,,47.8705104,18.92416565499417
Nagymaros,2626,Pest,,47.81084125,18.962002893859786
Gárdony,2485,Fejér,Dinnyés,47.174794497969366,18.564839401860308
Esztergom,2508,Komárom-Esztergom,Pilisszentlélek,47.72858729470153,18.842488817447954
Zebegény,2627,Pest,,47.80540834999999,18.92175478216693
Szob,2628,Pest,,47.83139225,18.880580626699413
Márianosztra,2629,Pest,,47.8696798,18.875060673145647
Ipolydamásd,2631,Pest,,47.8513723,18.835451716126435
Letkés,2632,Pest,,47.885626849999994,18.803561288892197
Ipolytölgyes,2633,Pest,,47.9169949,18.792636358236884
Nagybörzsöny,2634,Pest,,47.92466265,18.86065578970031
Vámosmikola,2635,Pest,,47.966557449999996,18.81459571
Tésa,2636,Pest,,48.030992499999996,18.840974096092417
Perőcsény,2637,Pest,,47.979929,18.864574182316396
Kemence,2638,Pest,,48.00331045,18.901593310611645
Bernecebaráti,2639,Pest,,48.0227704,18.95393505470446
Szendehely,2640,Nógrád,,47.85343415,19.127016867340664
Berkenye,2641,Nógrád,,47.877988450000004,19.085964069199992
Nógrád,2642,Nógrád,,47.90083305,19.03464517
Diósjenő,2643,Nógrád,,47.9483937,19.024043208412884
Borsosberény,2644,Nógrád,,47.96706015,19.108072572891658
Nagyoroszi,2645,Nógrád,,48.0121889,19.069832175733982
Drégelypalánk,2646,Nógrád,,48.04396975,19.06082404574039
Hont,2647,Nógrád,,48.04378845,18.98408145480382
Patak,2648,Nógrád,,48.037859049999994,19.142364844460417
Dejtár,2649,Nógrád,,48.044414950000004,19.18704484909456
Rétság,2651,Nógrád,,47.93067215,19.142498291955846
Tereske,2652,Nógrád,,47.94737404999999,19.19578216936806
Bánk,2653,Nógrád,,47.92819705,19.176240001864134
Romhány,2654,Nógrád,,47.91723665000001,19.238853635753866
Kétbodony,2655,Nógrád,,47.940724450000005,19.298784057326472
Szátok,2656,Nógrád,,47.957598250000004,19.237335266474503
Tolmács,2657,Nógrád,,47.926985450000004,19.106496862382116
Pusztaberki,2658,Nógrád,,47.981688,19.154291702932962
Érsekvadkert,2659,Nógrád,,48.00111965,19.20851639323321
Balassagyarmat,2660,Nógrád,,48.060327,19.28920214723344
Patvarc,2668,Nógrád,,48.07117395,19.342027629153677
Ipolyvece,2669,Nógrád,,48.0533024,19.10900048104228
Őrhalom,2671,Nógrád,,48.06774555,19.387938308282223
Hugyag,2672,Nógrád,,48.0821071,19.43874902740265
Csitár,2673,Nógrád,,48.04762155,19.422485198836746
Iliny,2674,Nógrád,,48.02088,19.432365459806363
Nógrádmarcal,2675,Nógrád,,48.02572675,19.38295493671982
Cserhátsurány,2676,Nógrád,,47.98150955,19.421268204406292
Herencsény,2677,Nógrád,,47.962023849999994,19.495006052650545
Csesztve,2678,Nógrád,,48.0172766,19.28500648853903
Galgagyörk,2681,Pest,,47.73520415,19.382464625534183
Püspökhatvan,2682,Pest,,47.77087365,19.349173759926337
Acsa,2683,Pest,,47.7944495,19.381820908031337
Nógrádsáp,2685,Nógrád,,47.84352945,19.348869896481368
Galgaguta,2686,Nógrád,,47.84270495,19.395943554690206
Bercel,2687,Nógrád,,47.87340655,19.427668904467332
Vanyarc,2688,Nógrád,,47.8180564,19.46023329039181
Nógrádkövesd,2691,Nógrád,,47.87606074999999,19.35675209254438
Szécsénke,2692,Nógrád,,47.90272625,19.33251799751603
Becske,2693,Nógrád,,47.91555255,19.364711504441658
Magyarnándor,2694,Nógrád,,47.969537849999995,19.347865699721353
Terény,2696,Nógrád,,47.93589325,19.461617681148613
Szanda,2697,Nógrád,,47.92029755,19.424570962234068
Mohora,2698,Nógrád,,47.99272235,19.32606643612798
Szügy,2699,Nógrád,,48.03114635,19.325135688492956
Nyársapát,2712,Pest,,47.100041950000005,19.822908141917466
Csemő,2713,Pest,,47.1158995,19.674628203346003
Pilis,2721,Pest,,47.286538449999995,19.559418885445062
Nyáregyháza,2723,Pest,,47.2668577,19.47720064565685
Újlengyel,2724,Pest,,47.2234727,19.469660332827534
Albertirsa,2730,Pest,,47.24622145,19.620721294194617
Dánszentmiklós,2735,Pest,,47.2182728,19.547569425130582
Mikebuda,2736,Pest,,47.167401999999996,19.62578196
Ceglédbercel,2737,Pest,,47.22518215,19.676200107309565
Abony,2740,Pest,,47.18804915,20.01686437273958
Kőröstetétlen,2745,Pest,,47.102206949999996,20.02152124786806
Jászkarajenő,2746,Pest,,47.04852785,20.02373532918869
Törtel,2747,Pest,,47.112962,19.94440138293809
Kocsér,2755,Pest,,47.01742835,19.94886462209304
Nagykáta,2760,Pest,,47.418237250000004,19.78075165650852
Tápióbicske,2764,Pest,,47.356939600000004,19.691100403815952
Farmos,2765,Pest,,47.37477885,19.869567561587445
Tápiószele,2766,Pest,,47.3370562,19.886913708835863
Tápiógyörgye,2767,Pest,,47.3245199,19.959337052804983
Újszilvás,2768,Pest,,47.264342400000004,19.937562148355763
Tápiószőlős,2769,Pest,,47.2886691,19.85326222598829
Gyermely,2821,Komárom-Esztergom,,47.600243899999995,18.602352065472818
Szomor,2822,Komárom-Esztergom,,47.596375,18.686623511950152
Vértessomló,2823,Komárom-Esztergom,,47.505866600000004,18.39079228222132
Várgesztes,2824,Komárom-Esztergom,,47.47146805,18.40044937
Tarján,2831,Komárom-Esztergom,,47.5917383,18.51105802289554
Héreg,2832,Komárom-Esztergom,,47.64889865,18.512272338791757
VértesTolna,2833,Komárom-Esztergom,,47.62042105,18.452597815632494
Tardos,2834,Komárom-Esztergom,,47.660597800000005,18.452066117863104
Baj,2836,Komárom-Esztergom,,47.638714449999995,18.393245796071927
Vértesszőlős,2837,Komárom-Esztergom,,47.611362549999996,18.39538867637648
Környe,2851,Komárom-Esztergom,,47.5616129,18.321390988813068
Kecskéd,2852,Komárom-Esztergom,,47.516017950000005,18.30576004241439
Kömlőd,2853,Komárom-Esztergom,,47.5502801,18.248600803347966
Dad,2854,Komárom-Esztergom,,47.51814755,18.23779034381068
Bokod,2855,Komárom-Esztergom,,47.4731916,18.249132970063698
Szákszend,2856,Komárom-Esztergom,,47.54273015,18.176402282627862
Császár,2858,Komárom-Esztergom,,47.5106879,18.13914486933777
Vérteskethely,2859,Komárom-Esztergom,,47.47885885,18.093775760707228
Bakonysárkány,2861,Komárom-Esztergom,,47.43893625,18.096044069823506
Aka,2862,Komárom-Esztergom,,47.405324050000004,18.078719402016745
Horpács,2658,Nógrád,,47.99752600302637,19.130208249203847
Tápiószentmárton,2711,Pest,,47.34092847842383,19.75372106591872
Debercsény,2694,Nógrád,,47.9653371,19.315952316979807
Cegléd,2738,Pest,Budai út,47.20947879960609,19.72724875791071
Kisbér,2870,Komárom-Esztergom,,47.474082499999994,18.04397591125131
Ászár,2881,Komárom-Esztergom,,47.51882305,18.002359854067386
Kerékteleki,2882,Komárom-Esztergom,,47.531080599999996,17.949241331823195
Bársonyos,2883,Komárom-Esztergom,,47.51461765,17.916772406292537
Bakonyszombathely,2884,Komárom-Esztergom,,47.4613672,17.967704626858023
Bakonybánk,2885,Komárom-Esztergom,,47.46677835,17.903175610233394
Réde,2886,Komárom-Esztergom,,47.41709815,17.938769713100527
Ácsteszér,2887,Komárom-Esztergom,,47.41100585,18.01918896053376
Csatka,2888,Komárom-Esztergom,,47.3772352,17.97367723420708
Súr,2889,Komárom-Esztergom,,47.36622855,18.036951046918105
Szomód,2896,Komárom-Esztergom,,47.686459799999994,18.347262003200413
Dunaszentmiklós,2897,Komárom-Esztergom,,47.6968301,18.392823191502043
Kocs,2898,Komárom-Esztergom,,47.599087049999994,18.205992901825994
Naszály,2899,Komárom-Esztergom,,47.6877128,18.250649028998218
Mocsa,2911,Komárom-Esztergom,,47.67001495,18.167506176585505
Almásfüzitő,2931,Komárom-Esztergom,,47.731971900000005,18.24705801689462
Ács,2941,Komárom-Esztergom,,47.705869750000005,17.976632756050165
Nagyigmánd,2942,Komárom-Esztergom,,47.6216578,18.09636441822884
Bábolna,2943,Komárom-Esztergom,,47.6379168,17.996566046689367
Bana,2944,Komárom-Esztergom,,47.6458466,17.925530826763797
Tárkány,2945,Komárom-Esztergom,,47.579346,17.98202057987647
Csép,2946,Komárom-Esztergom,,47.578573750000004,18.073724331027634
Ete,2947,Komárom-Esztergom,,47.53088755,18.08769398909335
Kisigmánd,2948,Komárom-Esztergom,,47.6601522,18.10208612842153
Csém,2949,Komárom-Esztergom,,47.68492415,18.07976148801508
Kerekharaszt,3009,Heves,,47.679308000000006,19.620222678427726
Heréd,3011,Heves,,47.71440565,19.64608958758153
Nagykökényes,3012,Heves,,47.73803755,19.608821096381934
Ecséd,3013,Heves,,47.72893955,19.77407735660905
Hort,3014,Heves,,47.69488185,19.789826013548655
Csány,3015,Heves,,47.6371535,19.81656137667394
Boldog,3016,Heves,,47.6209836,19.68414464862874
Lőrinci,3021,Heves,,47.7397115,19.665453297944666
Petőfibánya,3023,Heves,,47.7551502,19.70411757154375
Zagyvaszántó,3031,Heves,,47.774559100000005,19.66626088
Apc,3032,Heves,,47.79605185,19.689052937161204
Rózsaszentmárton,3033,Heves,,47.783607849999996,19.74003152252052
Szűcsi,3034,Heves,,47.794296349999996,19.76611204879894
Gyöngyöspata,3035,Heves,,47.837424299999995,19.766603764123886
Gyöngyöstarján,3036,Heves,,47.831271799999996,19.845723773279552
Héhalom,3041,Nógrád,,47.7672194,19.59409152519101
Palotás,3042,Nógrád,,47.795300850000004,19.60918418559465
Egyházasdengeleg,3043,Nógrád,,47.79658565,19.547873249011893
Szirák,3044,Nógrád,,47.823894249999995,19.525902084336145
Bér,3045,Nógrád,,47.87463455,19.500039826964837
Kisbágyon,3046,Nógrád,,47.8257963,19.58605756144701
Buják,3047,Nógrád,,47.8850773,19.548561274633254
Szarvasgede,3051,Nógrád,,47.825793,19.631564759918152
Csécse,3052,Nógrád,,47.8623144,19.622877393227128
Ecseg,3053,Nógrád,,47.90709525,19.60747217942621
Pásztó,3060,Nógrád,,47.90677855,19.71559712605343
Jobbágyi,3063,Nógrád,,47.8252215,19.68360001607433
Szurdokpüspöki,3064,Nógrád,,47.865614,19.709429202948435
Kutasó,3066,Nógrád,,47.9467029,19.555886953737012
Felsőtold,3067,Nógrád,,47.974159,19.62315341859673
Mátraszőlős,3068,Nógrád,,47.961548,19.679222113682656
Alsótold,3069,Nógrád,,47.955825149999995,19.595588709042026
Bátonyterenye,3070,Nógrád,,47.97905005,19.8380757
Tar,3073,Nógrád,,47.94958975,19.753580643588293
Sámsonháza,3074,Nógrád,,47.9916493,19.728115745470458
Kisbárkány,3075,Nógrád,,48.013214149999996,19.69535414
Mátraverebély,3077,Nógrád,,47.98760365,19.780169822575317
Somoskőújfalu,3121,Nógrád,,48.158550250000005,19.82848000164787
Cered,3123,Nógrád,,48.1385345,19.971240628799432
Zabar,3124,Nógrád,,48.1448448,20.060653569283392
Szilaspogony,3125,Nógrád,,48.10909865,20.008712040323804
Bárna,3126,Nógrád,,48.09588745,19.922792975649767
Kazár,3127,Nógrád,,48.0692096,19.847448401335168
Vizslás,3128,Nógrád,,48.04804745,19.82055941639406
Lucfalva,3129,Nógrád,,48.03708335,19.71127805379686
Sóshartyán,3131,Nógrád,,48.064885849999996,19.688371016885625
Nógrádmegyer,3132,Nógrád,,48.06158225,19.624125174180747
Magyargéc,3133,Nógrád,,48.081517700000006,19.594853615088567
Piliny,3134,Nógrád,,48.154555,19.60590658930983
Szécsényfelfalu,3135,Nógrád,,48.1527392,19.56982243562065
Etes,3136,Nógrád,,48.111622499999996,19.722301187862815
Karancsberény,3137,Nógrád,,48.1832461,19.74480043
Ipolytarnóc,3138,Nógrád,,48.231228,19.63672556717227
Mátraszele,3142,Nógrád,,48.0653647,19.90392263730257
Mátranovák,3143,Nógrád,,48.05043395,19.976128601925087
Márkháza,3075,Nógrád,,48.01445177625392,19.719059154080146
Nagybárkány,3075,Nógrád,,47.99870073634191,19.701677065657503
Cserhátszentiván,3066,Nógrád,,47.93910741881272,19.58105777081812
Bátonyterenye,3071,Nógrád,Nagybátony,47.96941972366004,19.831994139886206
Komárom,2903,Komárom-Esztergom,Koppánymonostor,47.74979563435131,18.037529155429475
Mátraterenye,3146,Nógrád,Nádújfalu,48.013035329366645,19.976187465988417
Salgótarján,3141,Nógrád,Zagyvaróna,48.121841231475614,19.861948133149372
Mátranovák,3144,Nógrád,Bányatelep,48.03333790981795,19.964438681251842
Mátraterenye,3145,Nógrád,Homokterenye,48.040074592213735,19.936851715576058
Salgótarján,3109,Nógrád,Salgóbánya,48.14471785219796,19.858616879970743
Salgótarján,3104,Nógrád,Zagyvapálfalva,48.06555249069339,19.78686051959855
Salgótarján,3102,Nógrád,Baglyasalja,48.09990550640035,19.772874166649242
Rákóczibánya,3151,Nógrád,,48.02384295,19.86422183666378
Nemti,3152,Nógrád,,48.017203,19.90474939747738
Dorogháza,3153,Nógrád,,47.972199599999996,19.887007778234626
Szuha,3154,Nógrád,,47.9609795,19.916019981367604
Mátramindszent,3155,Nógrád,,47.9758032,19.944588120623486
Kishartyán,3161,Nógrád,,48.0755069,19.724113581493455
Ságújfalu,3162,Nógrád,,48.098613549999996,19.67742560680238
Karancsság,3163,Nógrád,,48.117563649999994,19.65595531771509
Endrefalva,3165,Nógrád,,48.1230746,19.579527944576274
Szécsény,3170,Nógrád,,48.086897,19.520336550518373
Nagylóc,3175,Nógrád,,48.02780225,19.60432759934255
Hollókő,3176,Nógrád,,47.99786075,19.589439791378357
Rimóc,3177,Nógrád,,48.0138123,19.55612207889974
Varsány,3178,Nógrád,,48.02787265,19.473660514360386
Nógrádsipek,3179,Nógrád,,47.9942097,19.511031635478936
Karancsalja,3181,Nógrád,,48.12950505,19.765794328207605
Karancslapujtő,3182,Nógrád,,48.151336650000005,19.743328030545023
Karancskeszi,3183,Nógrád,,48.1744606,19.695378075329593
Mihálygerge,3184,Nógrád,,48.20498875,19.644398658488647
Egyházasgerge,3185,Nógrád,,48.19030675,19.66056807019829
Litke,3186,Nógrád,,48.19782305,19.591846830872946
Nógrádszakál,3187,Nógrád,,48.182841999999994,19.548596810179404
Ludányhalászi,3188,Nógrád,,48.136331999999996,19.522513799588907
Gyöngyösoroszi,3211,Heves,,47.84754035,19.887938274336967
Gyöngyöshalász,3212,Heves,,47.73861065,19.916055623605637
Atkár,3213,Heves,,47.704450050000005,19.87798938339043
Nagyréde,3214,Heves,,47.7602878,19.841096153928206
Gyöngyössolymos,3231,Heves,,47.855065800000006,19.934351000679044
Cigánd,3973,Borsod-Abaúj-Zemplén,,48.265861099999995,21.885196404637334
Mátraszentimre,3235,Heves,,47.909685550000006,19.847929211113723
Parád,3240,Heves,,47.9029431,20.03200797417287
Bodony,3243,Heves,,47.94952065,20.012644070524175
Recsk,3245,Heves,,47.937404900000004,20.117876581527028
Mátraderecske,3246,Heves,,47.952107350000006,20.077979253816515
Mátraballa,3247,Heves,,47.9831955,20.02389866888459
Ivád,3248,Heves,,48.02899755,20.031599325388612
Pétervására,3250,Heves,,48.0313556,20.06082860382984
Erdőkövesd,3252,Heves,,48.0501913,20.07617137280701
Istenmezeje,3253,Heves,,48.0931465,20.031983555821277
Váraszó,3254,Heves,,48.08953635,20.092793118218218
Fedémes,3255,Heves,,48.03408215,20.19913828507647
Kisfüzes,3256,Heves,,47.9882887,20.132236479676067
Bükkszenterzsébet,3257,Heves,,48.07110915,20.134239265036925
Tarnalelesz,3258,Heves,,48.069171850000004,20.168474422916855
Szentdomonkos,3259,Heves,,48.0839072,20.205012464724135
Abasár,3261,Heves,,47.8165583,20.01695981927361
Markaz,3262,Heves,,47.8326835,20.05704814001617
Domoszló,3263,Heves,,47.8314294,20.111358938313906
Kisnána,3264,Heves,,47.85637375,20.143353377559976
Vécs,3265,Heves,,47.7983593,20.165752480703897
Visonta,3271,Heves,,47.77795945,20.011880887822194
Halmajugra,3273,Heves,,47.7630827,20.06300500147053
Ludas,3274,Heves,,47.72538,20.091209342434784
Detk,3275,Heves,,47.7602436,20.108839500392683
Karácsond,3281,Heves,,47.72652665,20.02391517520765
Nagyfüged,3282,Heves,,47.680244450000004,20.093288487208895
Tarnazsadány,3283,Heves,,47.682680500000004,20.16224745595966
Tarnaméra,3284,Heves,,47.6344993,20.16090829263323
Vámosgyörk,3291,Heves,,47.68280905,19.932337149886102
Adács,3292,Heves,,47.68791935,20.004975531240888
Visznek,3293,Heves,,47.636437,20.040078330635666
Tarnaörs,3294,Heves,,47.58373195,20.06271694623996
Erk,3295,Heves,,47.6142028,20.089704330504823
Zaránk,3296,Heves,,47.6425004,20.10721366349025
Egerbakta,3321,Heves,,47.9362854,20.286203178821687
Hevesaranyos,3322,Heves,,48.00853065,20.204222007993415
Szarvaskő,3323,Heves,,47.98622615,20.332940799446146
Felsőtárkány,3324,Heves,,47.9985813,20.43420695908009
Noszvaj,3325,Heves,,47.93591885,20.48414047891417
Ostoros,3326,Heves,,47.8563779,20.444413155170114
Novaj,3327,Heves,,47.8459289,20.48859467779399
Egerszólát,3328,Heves,,47.87016,20.276308190400993
Tarnaszentmária,3331,Heves,,47.87953415,20.191718452292488
Sirok,3332,Heves,,47.934069050000005,20.195135063770515
Terpes,3333,Heves,,47.9787219,20.157452679173204
Szajla,3334,Heves,,47.9652224,20.154542909395737
Bükkszék,3335,Heves,,47.9943902,20.171207722423205
Bátor,3336,Heves,,47.9880713,20.25940304901254
Egerbocs,3337,Heves,,48.013994100000005,20.255405233799372
Szúcs,3341,Heves,,48.05047295,20.25332992891954
Bekölce,3343,Heves,,48.07978115,20.27121450371792
Mikófalva,3344,Heves,,48.04875275,20.307297500364083
Mónosbél,3345,Heves,,48.024992350000005,20.339590892826646
Bélapátfalva,3346,Heves,,48.0516465,20.373067718469144
Balaton,3347,Heves,,48.1001099,20.304754478528643
Szilvásvárad,3348,Heves,,48.092455400000006,20.400930655686633
Nagyvisnyó,3349,Heves,,48.10652735,20.45093746633628
Kál,3350,Heves,,47.721017149999994,20.29919865647833
Verpelét,3351,Heves,,47.8654316,20.23811739791256
Feldebrő,3352,Heves,,47.8133117,20.24948327464695
Aldebrő,3353,Heves,,47.78365825,20.21189416567325
Tófalu,3354,Heves,,47.7790046,20.254200410075722
Kápolna,3355,Heves,,47.75945605,20.25069179286514
Kompolt,3356,Heves,,47.71939555,20.226953253960662
Nagyút,3357,Heves,,47.71730805,20.16027541833373
Erdőtelek,3358,Heves,,47.6896694,20.32384028034243
Tenk,3359,Heves,,47.65133994999999,20.347740562344917
Heves,3360,Heves,,47.5998837,20.274530095955008
Boconád,3368,Heves,,47.64082425,20.21276011846694
Bükkszentmárton,3346,Heves,,48.071427817918696,20.330859959568862
Mátraszentimre,3234,Heves,Galyatető,47.91367084521307,19.92014996692088
Gyöngyös,3232,Heves,Mátrafüred,47.82668303965151,19.96971854
Tarnabod,3369,Heves,,47.67941785,20.237052580686242
Átány,3371,Heves,,47.62014945,20.359249452799745
Kömlő,3372,Heves,,47.6068367,20.441634852808818
Besenyőtelek,3373,Heves,,47.6599236,20.524153932186017
Dormánd,3374,Heves,,47.70256595,20.384661906894276
Mezőtárkány,3375,Heves,,47.694538300000005,20.49743306836421
Szihalom,3377,Heves,,47.77773365,20.48771321406317
Mezőszemere,3378,Heves,,47.751005,20.533773880557572
Egerfarmos,3379,Heves,,47.72197165,20.541108349028875
Pély,3381,Heves,,47.4816892,20.36357638
Tarnaszentmiklós,3382,Heves,,47.532036950000006,20.38547862191532
Hevesvezekény,3383,Heves,,47.5525721,20.345606369310577
Kisköre,3384,Heves,,47.51738025,20.47791449573036
Tiszanána,3385,Heves,,47.56143585,20.513461255618147
Sarud,3386,Heves,,47.5883738,20.573425105516847
Újlőrincfalva,3387,Heves,,47.5878229,20.665776658178153
Poroszló,3388,Heves,,47.65331605,20.666455412572333
Füzesabony,3390,Heves,,47.75369435,20.38983069793489
Egerszalók,3394,Heves,,47.87705465,20.321913679397714
Demjén,3395,Heves,,47.825512599999996,20.337941695579772
Kerecsend,3396,Heves,,47.78176315,20.33464302959807
Maklár,3397,Heves,,47.79647455,20.413995603661363
Nagytálya,3398,Heves,,47.8244404,20.413945215597618
Andornaktálya,3399,Heves,,47.8506988,20.402228026603595
Szomolya,3411,Borsod-Abaúj-Zemplén,,47.88272095,20.49119148320196
Bogács,3412,Borsod-Abaúj-Zemplén,,47.8937558,20.546210855684713
Cserépfalu,3413,Borsod-Abaúj-Zemplén,,47.97127605,20.549007977181876
Bükkzsérc,3414,Borsod-Abaúj-Zemplén,,48.0012095,20.49995499
Tard,3416,Borsod-Abaúj-Zemplén,,47.88102095,20.59932435165536
Cserépváralja,3417,Borsod-Abaúj-Zemplén,,47.934562,20.568956205747433
Szentistván,3418,Borsod-Abaúj-Zemplén,,47.73946,20.75931463085415
Mezőnyárád,3421,Borsod-Abaúj-Zemplén,,47.859310050000005,20.660553021381062
Bükkábrány,3422,Borsod-Abaúj-Zemplén,,47.886776999999995,20.70097395063441
Tibolddaróc,3423,Borsod-Abaúj-Zemplén,,47.91178375,20.63718902332209
Kács,3424,Borsod-Abaúj-Zemplén,,47.9784469,20.598953310153995
Sály,3425,Borsod-Abaúj-Zemplén,,47.9505616,20.660227830665587
Borsodgeszt,3426,Borsod-Abaúj-Zemplén,,47.9586744,20.69309694678259
Vatta,3431,Borsod-Abaúj-Zemplén,,47.913382,20.73901380880588
Emőd,3432,Borsod-Abaúj-Zemplén,,47.924919,20.812526127029997
Nyékládháza,3433,Borsod-Abaúj-Zemplén,,47.994551,20.84149738604028
Mályi,3434,Borsod-Abaúj-Zemplén,,48.01789185,20.823036657155022
Mezőkeresztes,3441,Borsod-Abaúj-Zemplén,,47.81747824999999,20.67593862569506
Csincse,3442,Borsod-Abaúj-Zemplén,,47.8813099,20.78521879141872
Mezőnagymihály,3443,Borsod-Abaúj-Zemplén,,47.784028750000004,20.786627380153373
Gelej,3444,Borsod-Abaúj-Zemplén,,47.834235250000006,20.77826670986488
Mezőcsát,3450,Borsod-Abaúj-Zemplén,,47.82473745,20.888011499076548
Tiszakeszi,3458,Borsod-Abaúj-Zemplén,,47.78121065,21.00316994712522
Igrici,3459,Borsod-Abaúj-Zemplén,,47.87278955,20.875340272189195
Egerlövő,3461,Borsod-Abaúj-Zemplén,,47.72788875,20.61638070121773
Borsodivánka,3462,Borsod-Abaúj-Zemplén,,47.7041965,20.641706192653515
Négyes,3463,Borsod-Abaúj-Zemplén,,47.7168602,20.720328372078267
Tiszavalk,3464,Borsod-Abaúj-Zemplén,,47.68913665,20.741319034952404
Tiszabábolna,3465,Borsod-Abaúj-Zemplén,,47.6955351,20.803647646846173
Tiszadorogma,3466,Borsod-Abaúj-Zemplén,,47.69720785,20.86050740983874
Ároktő,3467,Borsod-Abaúj-Zemplén,,47.736797949999996,20.945470263226255
Miskolc,3501,Borsod-Abaúj-Zemplén,,48.06598305,20.69477857416321
Miskolc,3508,Borsod-Abaúj-Zemplén,,48.07047885,20.78473562757759
Miskolc,3515,Borsod-Abaúj-Zemplén,,48.080205649999996,20.764613027103962
Miskolc,3516,Borsod-Abaúj-Zemplén,,48.047236999999996,20.80124004691813
Miskolc,3517,Borsod-Abaúj-Zemplén,,48.09862185,20.57248768172274
Miskolc,3518,Borsod-Abaúj-Zemplén,,48.1276852,20.687875369976684
Miskolc,3519,Borsod-Abaúj-Zemplén,,48.05196345,20.750202908814124
Miskolc,3521,Borsod-Abaúj-Zemplén,,48.071222649999996,20.841593226172723
Miskolc,3524,Borsod-Abaúj-Zemplén,,48.09123155,20.77217600411167
Miskolc,3525,Borsod-Abaúj-Zemplén,,48.1179674,20.765364184301397
Miskolc,3526,Borsod-Abaúj-Zemplén,,48.12159285,20.78662916
Miskolc,3527,Borsod-Abaúj-Zemplén,,48.1134121,20.824820993123055
Miskolc,3528,Borsod-Abaúj-Zemplén,,48.083084150000005,20.826462443501246
Miskolc,3529,Borsod-Abaúj-Zemplén,,48.08587535,20.78841849575635
Miskolc,3530,Borsod-Abaúj-Zemplén,,48.0996978,20.783693976440233
Miskolc,3531,Borsod-Abaúj-Zemplén,,48.09566545,20.747319319746964
Miskolc,3532,Borsod-Abaúj-Zemplén,,48.1259988,20.71903591
Miskolc,3533,Borsod-Abaúj-Zemplén,,48.087367799999996,20.74085141641938
Miskolc,3534,Borsod-Abaúj-Zemplén,,48.09924565,20.698412476709745
Miskolc,3535,Borsod-Abaúj-Zemplén,,48.1141967,20.67165546212408
Miskolc,3558,Borsod-Abaúj-Zemplén,,48.07593108,20.67177275
Ónod,3551,Borsod-Abaúj-Zemplén,,48.005653800000005,20.90407778860648
Muhi,3552,Borsod-Abaúj-Zemplén,,47.974928750000004,20.909151803978958
Kistokaj,3553,Borsod-Abaúj-Zemplén,,48.0359925,20.831199539795747
Bükkaranyos,3554,Borsod-Abaúj-Zemplén,,47.99297775,20.778127073319954
Harsány,3555,Borsod-Abaúj-Zemplén,,47.969894999999994,20.73995350984102
Kisgyőr,3556,Borsod-Abaúj-Zemplén,,48.01218755,20.662731612023148
Bükkszentkereszt,3557,Borsod-Abaúj-Zemplén,,48.06134485,20.603664519138214
Répáshuta,3559,Borsod-Abaúj-Zemplén,,48.049983600000004,20.523570755758918
Felsőzsolca,3561,Borsod-Abaúj-Zemplén,,48.1091373,20.867984352520455
Onga,3562,Borsod-Abaúj-Zemplén,,48.13355075,20.93170960817484
Hernádkak,3563,Borsod-Abaúj-Zemplén,,48.093209,20.979428477730032
Hernádnémeti,3564,Borsod-Abaúj-Zemplén,,48.0849531,21.020399462748365
Tiszalúc,3565,Borsod-Abaúj-Zemplén,,48.040616650000004,21.073905618774965
Alsózsolca,3571,Borsod-Abaúj-Zemplén,,48.0733845,20.907641339303392
Sajólád,3572,Borsod-Abaúj-Zemplén,,48.036505899999995,20.91019515213404
Sajópetri,3573,Borsod-Abaúj-Zemplén,,48.0460604,20.871753747826645
Bőcs,3574,Borsod-Abaúj-Zemplén,,48.05072605,20.971716249020673
Berzék,3575,Borsod-Abaúj-Zemplén,,48.02592555,20.976751728894847
Sajóhídvég,3576,Borsod-Abaúj-Zemplén,,48.00559675,20.96583667306749
Köröm,3577,Borsod-Abaúj-Zemplén,,47.98582075,20.96170206929689
Girincs,3578,Borsod-Abaúj-Zemplén,,47.984872,21.000585307774536
Kesznyéten,3579,Borsod-Abaúj-Zemplén,,47.9752891,21.063686897905825
Tiszaújváros,3580,Borsod-Abaúj-Zemplén,,47.92338895,21.05233156079639
Sajóörös,3586,Borsod-Abaúj-Zemplén,,47.9397134,21.017954927159863
Tiszapalkonya,3587,Borsod-Abaúj-Zemplén,,47.8833189,21.06424976136787
Hejőkürt,3588,Borsod-Abaúj-Zemplén,,47.85943825,21.00007697201194
Tiszatarján,3589,Borsod-Abaúj-Zemplén,,47.8254885,21.01600746442163
Oszlár,3591,Borsod-Abaúj-Zemplén,,47.86273215,21.04405009269788
Nemesbikk,3592,Borsod-Abaúj-Zemplén,,47.8859212,20.973530657243447
Hejőbába,3593,Borsod-Abaúj-Zemplén,,47.909288450000005,20.947556971702543
Hejőpapi,3594,Borsod-Abaúj-Zemplén,,47.8971673,20.89562485892877
Hejőszalonta,3595,Borsod-Abaúj-Zemplén,,47.933146199999996,20.87240628378906
Szakáld,3596,Borsod-Abaúj-Zemplén,,47.94138395,20.917472675406913
Hejőkeresztúr,3597,Borsod-Abaúj-Zemplén,,47.9589706,20.875745633121547
Nagycsécs,3598,Borsod-Abaúj-Zemplén,,47.954504150000005,20.94496296050594
Sajószöged,3599,Borsod-Abaúj-Zemplén,,47.939008799999996,20.980598200475946
Farkaslyuk,3608,Borsod-Abaúj-Zemplén,,48.184831700000004,20.31098863632363
Uppony,3622,Borsod-Abaúj-Zemplén,,48.21581945,20.43916760292732
Borsodszentgyörgy,3623,Borsod-Abaúj-Zemplén,,48.1777127,20.190972520006916
Hangony,3626,Borsod-Abaúj-Zemplén,,48.213720699999996,20.162663245592434
Domaháza,3627,Borsod-Abaúj-Zemplén,,48.1718889,20.107788368287302
Putnok,3630,Borsod-Abaúj-Zemplén,,48.310912,20.450330941298134
Dubicsány,3635,Borsod-Abaúj-Zemplén,,48.3035279,20.49937617437816
Sajógalgóc,3636,Borsod-Abaúj-Zemplén,,48.2841789,20.52568117506712
Nagybarca,3641,Borsod-Abaúj-Zemplén,,48.2424083,20.53623605593699
Bánhorváti,3642,Borsod-Abaúj-Zemplén,,48.22506145,20.494442198261634
Dédestapolcsány,3643,Borsod-Abaúj-Zemplén,,48.170163349999996,20.478022396558018
Tardona,3644,Borsod-Abaúj-Zemplén,,48.17592675,20.54568932513162
Mályinka,3645,Borsod-Abaúj-Zemplén,,48.1386825,20.513411218437845
Nekézseny,3646,Borsod-Abaúj-Zemplén,,48.17386535,20.43011565736535
Csokvaomány,3647,Borsod-Abaúj-Zemplén,,48.17012845,20.361740644713585
Csernely,3648,Borsod-Abaúj-Zemplén,,48.1357236,20.345515382384498
Sajónémeti,3652,Borsod-Abaúj-Zemplén,,48.271813050000006,20.386114730938182
Sajópüspöki,3653,Borsod-Abaúj-Zemplén,,48.27190804999999,20.332412303184405
Bánréve,3654,Borsod-Abaúj-Zemplén,,48.305874,20.360224022169582
Hét,3655,Borsod-Abaúj-Zemplén,,48.2872699,20.38908508981357
Sajóvelezd,3656,Borsod-Abaúj-Zemplén,,48.2543213,20.44690750518531
Királd,3657,Borsod-Abaúj-Zemplén,,48.24112675,20.38028317313868
Borsodbóta,3658,Borsod-Abaúj-Zemplén,,48.21240385,20.39005259658079
Sáta,3659,Borsod-Abaúj-Zemplén,,48.19110365,20.37533149099867
Arló,3663,Borsod-Abaúj-Zemplén,,48.158063850000005,20.284756693989976
Járdánháza,3664,Borsod-Abaúj-Zemplén,,48.14383925,20.233725338286096
Borsodnádasd,3671,Borsod-Abaúj-Zemplén,,48.11478835,20.216351885762442
Berente,3704,Borsod-Abaúj-Zemplén,,48.239410649999996,20.671778079203982
Szirmabesenyő,3711,Borsod-Abaúj-Zemplén,,48.150923899999995,20.79855145
Sajóvámos,3712,Borsod-Abaúj-Zemplén,,48.19384035,20.844760868374912
Arnót,3713,Borsod-Abaúj-Zemplén,,48.15071855,20.874874834844647
Sajópálfala,3714,Borsod-Abaúj-Zemplén,,48.16594795,20.85568095262002
Gesztely,3715,Borsod-Abaúj-Zemplén,,48.1123083,20.992166911670346
Újcsanálos,3716,Borsod-Abaúj-Zemplén,,48.14767915,20.99778129934992
Alsódobsza,3717,Borsod-Abaúj-Zemplén,,48.167966500000006,21.00999189206763
Megyaszó,3718,Borsod-Abaúj-Zemplén,,48.16431005,21.069569126633432
Sajókaza,3720,Borsod-Abaúj-Zemplén,,48.28374585,20.58638257296623
Jákfalva,3721,Borsod-Abaúj-Zemplén,,48.337798649999996,20.57205921753664
Felsőkelecsény,3722,Borsod-Abaúj-Zemplén,,48.3601692,20.594314891422307
Zubogy,3723,Borsod-Abaúj-Zemplén,,48.382480650000005,20.57724858355801
Ragály,3724,Borsod-Abaúj-Zemplén,,48.41394805,20.531527165429367
Imola,3725,Borsod-Abaúj-Zemplén,,48.4200714,20.5511221
Zádorfalva,3726,Borsod-Abaúj-Zemplén,,48.39674945,20.459251324423263
Kelemér,3728,Borsod-Abaúj-Zemplén,,48.36290405,20.44090143318647
Serényfalva,3729,Borsod-Abaúj-Zemplén,,48.313453800000005,20.39660579185257
Szuhakálló,3731,Borsod-Abaúj-Zemplén,,48.27842545,20.643140460421357
Kurityán,3732,Borsod-Abaúj-Zemplén,,48.3153921,20.626130024322656
Rudabánya,3733,Borsod-Abaúj-Zemplén,,48.372748099999995,20.630139155766024
Szuhogy,3734,Borsod-Abaúj-Zemplén,,48.3798621,20.67705817629131
Felsőtelekes,3735,Borsod-Abaúj-Zemplén,,48.417776149999995,20.627020374589776
Izsófalva,3741,Borsod-Abaúj-Zemplén,,48.316185700000005,20.65196331578383
Rudolftelep,3742,Borsod-Abaúj-Zemplén,,48.31381045,20.67257628439684
Vadna,3636,Borsod-Abaúj-Zemplén,,48.27320287,20.555114995882697
Kisnyárád,7759,Baranya,,46.03672659454533,18.56447434051801
Gömörszőlős,3728,Borsod-Abaúj-Zemplén,,48.37274961534652,20.427503898029453
Szuhafő,3726,Borsod-Abaúj-Zemplén,,48.407943027016245,20.451701710578163
Alsótelekes,3735,Borsod-Abaúj-Zemplén,,48.41049341,20.654618228821526
Ózd,3625,Borsod-Abaúj-Zemplén,Szentsimon,48.232323380921805,20.221963369761703
Ózd,3661,Borsod-Abaúj-Zemplén,Hódoscsépány,48.210022276402384,20.263144815015497
Ózd,3604,Borsod-Abaúj-Zemplén,Bánszállás,48.24735325616187,20.35422600744013
Ózd,3603,Borsod-Abaúj-Zemplén,Sajóvárkony,48.23055741,20.32251741099935
Ózd,3651,Borsod-Abaúj-Zemplén,Center,48.25621942317314,20.36194039923546
Ózd,3621,Borsod-Abaúj-Zemplén,Uraj,48.249418664630014,20.268631447237105
Ózd,3662,Borsod-Abaúj-Zemplén,Somsálybánya,48.180610447623486,20.285190926063507
Borsodnádasd,3672,Borsod-Abaúj-Zemplén,Lemezgyár,48.108493235697914,20.266945399696887
Ormosbánya,3743,Borsod-Abaúj-Zemplén,,48.339072200000004,20.650400164621892
Múcsony,3744,Borsod-Abaúj-Zemplén,,48.27137595,20.684470238510926
Szendrőlád,3751,Borsod-Abaúj-Zemplén,,48.348442250000005,20.74005635395119
Szendrő,3752,Borsod-Abaúj-Zemplén,,48.3942821,20.729618141422023
Abod,3753,Borsod-Abaúj-Zemplén,,48.398197999999994,20.81232684954955
Szalonna,3754,Borsod-Abaúj-Zemplén,,48.4567838,20.73085188939215
Martonyi,3755,Borsod-Abaúj-Zemplén,,48.47826925,20.77394502
Perkupa,3756,Borsod-Abaúj-Zemplén,,48.4660822,20.66853373287286
Teresztenye,3757,Borsod-Abaúj-Zemplén,,48.451527049999996,20.594089194254572
Jósvafő,3758,Borsod-Abaúj-Zemplén,,48.4961873,20.556678843794288
Aggtelek,3759,Borsod-Abaúj-Zemplén,,48.492143999999996,20.517418033672172
Szin,3761,Borsod-Abaúj-Zemplén,,48.4931442,20.646214911230583
Szögliget,3762,Borsod-Abaúj-Zemplén,,48.52864195,20.64949830018991
Bódvaszilas,3763,Borsod-Abaúj-Zemplén,,48.543755250000004,20.71215474835021
Bódvarákó,3764,Borsod-Abaúj-Zemplén,,48.5067162,20.740480680577377
Tornaszentandrás,3765,Borsod-Abaúj-Zemplén,,48.52064805,20.780171323591727
Tornanádaska,3767,Borsod-Abaúj-Zemplén,,48.560367299999996,20.780853455630485
Bódvalenke,3768,Borsod-Abaúj-Zemplén,,48.54362415,20.812526495271126
Tornaszentjakab,3769,Borsod-Abaúj-Zemplén,,48.53206005,20.88916950509776
Sajószentpéter,3770,Borsod-Abaúj-Zemplén,,48.22272945,20.717762532250816
Sajókápolna,3773,Borsod-Abaúj-Zemplén,,48.183170000000004,20.688032343215244
Kondó,3775,Borsod-Abaúj-Zemplén,,48.1970558,20.607386174687488
Radostyán,3776,Borsod-Abaúj-Zemplén,,48.169214100000005,20.66457272135397
Parasznya,3777,Borsod-Abaúj-Zemplén,,48.1501506,20.642581064587652
Varbó,3778,Borsod-Abaúj-Zemplén,,48.151259249999995,20.586376228434602
Alacska,3779,Borsod-Abaúj-Zemplén,,48.22322285,20.64432571049872
Edelény,3780,Borsod-Abaúj-Zemplén,,48.3151812,20.759785613259524
Lak,3786,Borsod-Abaúj-Zemplén,,48.370811700000004,20.851300227496104
Tomor,3787,Borsod-Abaúj-Zemplén,,48.32721745,20.88602905573155
Sajókeresztúr,3791,Borsod-Abaúj-Zemplén,,48.17003285,20.773816022111898
Sajóbábony,3792,Borsod-Abaúj-Zemplén,,48.16410665,20.718474133213512
Sajóecseg,3793,Borsod-Abaúj-Zemplén,,48.1945888,20.770438296119508
Boldva,3794,Borsod-Abaúj-Zemplén,,48.234495100000004,20.812304165665793
Hangács,3795,Borsod-Abaúj-Zemplén,,48.29010665,20.844538835426583
Borsodszirák,3796,Borsod-Abaúj-Zemplén,,48.2594529,20.759818005535955
Szikszó,3800,Borsod-Abaúj-Zemplén,,48.19086815,20.934242355379574
Abaújszolnok,3809,Borsod-Abaúj-Zemplén,,48.361483899999996,20.968718349300218
Alsóvadász,3811,Borsod-Abaúj-Zemplén,,48.2407238,20.89607399166521
Homrogd,3812,Borsod-Abaúj-Zemplén,,48.291473550000006,20.91949141806667
Kupa,3813,Borsod-Abaúj-Zemplén,,48.32460865,20.92007861964948
Felsővadász,3814,Borsod-Abaúj-Zemplén,,48.37054105,20.917669925156368
Abaújlak,3815,Borsod-Abaúj-Zemplén,,48.400340549999996,20.943612936961912
Gagyvendégi,3816,Borsod-Abaúj-Zemplén,,48.4337154,20.98285766753355
Gagybátor,3817,Borsod-Abaúj-Zemplén,,48.4364556,20.927253279375872
Krasznokvajda,3821,Borsod-Abaúj-Zemplén,,48.4959477,20.975144334678838
Rakaca,3825,Borsod-Abaúj-Zemplén,,48.478493549999996,20.87686529574981
Rakacaszend,3826,Borsod-Abaúj-Zemplén,,48.4556869,20.838108741776146
Kázsmárk,3831,Borsod-Abaúj-Zemplén,,48.2703229,20.966893872927827
Léh,3832,Borsod-Abaúj-Zemplén,,48.2935104,20.98212803768861
Rásonysápberencs,3833,Borsod-Abaúj-Zemplén,,48.3117653,20.993864610124646
Detek,3834,Borsod-Abaúj-Zemplén,,48.335439199999996,21.012397252264172
Baktakék,3836,Borsod-Abaúj-Zemplén,,48.3762276,21.026206427426636
Felsőgagy,3837,Borsod-Abaúj-Zemplén,,48.4311876,21.029010547772277
Aszaló,3841,Borsod-Abaúj-Zemplén,,48.2202418,20.97038590010175
Halmaj,3842,Borsod-Abaúj-Zemplén,,48.2509307,20.998623154849923
Kiskinizs,3843,Borsod-Abaúj-Zemplén,,48.263570200000004,21.015045332781646
Nagykinizs,3844,Borsod-Abaúj-Zemplén,,48.231466499999996,21.04027907134226
Hernádkércs,3846,Borsod-Abaúj-Zemplén,,48.2394587,21.062015830338353
Felsődobsza,3847,Borsod-Abaúj-Zemplén,,48.2508262,21.09361766740779
Galvács,3752,Borsod-Abaúj-Zemplén,,48.41909714750513,20.776217800209086
Égerszög,3757,Borsod-Abaúj-Zemplén,,48.44262809837135,20.587548268207005
Szőlősardó,3757,Borsod-Abaúj-Zemplén,,48.44327183954321,20.62791263905353
Tornakápolna,3761,Borsod-Abaúj-Zemplén,,48.461615916655006,20.617692259383134
Szinpetri,3761,Borsod-Abaúj-Zemplén,,48.48477485036809,20.62506466042011
Büttös,3821,Borsod-Abaúj-Zemplén,,48.477782269431835,21.010918400081973
Szakácsi,3786,Borsod-Abaúj-Zemplén,,48.38204193015627,20.86134056500732
Gadna,3815,Borsod-Abaúj-Zemplén,,48.40065953503736,20.929760778341347
Nyésta,3809,Borsod-Abaúj-Zemplén,,48.37005851795793,20.95114298308983
Irota,3786,Borsod-Abaúj-Zemplén,,48.39649015090679,20.875258115232214
Selyeb,3809,Borsod-Abaúj-Zemplén,,48.33779333,20.95380255679585
Pamlény,3821,Borsod-Abaúj-Zemplén,,48.49298592384361,20.928632373472453
Keresztéte,3821,Borsod-Abaúj-Zemplén,,48.49880993141366,20.95056643250546
Kány,3821,Borsod-Abaúj-Zemplén,,48.51503474610049,21.01442770759636
Perecse,3821,Borsod-Abaúj-Zemplén,,48.50241666265887,20.984747214118908
Szászfa,3821,Borsod-Abaúj-Zemplén,,48.47005628,20.94235448
Viszló,3825,Borsod-Abaúj-Zemplén,,48.49368772030855,20.886334603776127
Debréte,3825,Borsod-Abaúj-Zemplén,,48.499710399098454,20.86623045806576
Csenyéte,3837,Borsod-Abaúj-Zemplén,,48.43417759557201,21.041202592189094
Szentistvánbaksa,3844,Borsod-Abaúj-Zemplén,,48.222634885079835,21.027481591663797
Alsógagy,3837,Borsod-Abaúj-Zemplén,,48.40509357095565,21.025417775894876
Gagyapáti,3837,Borsod-Abaúj-Zemplén,,48.40895500051767,21.001750200426518
Beret,3834,Borsod-Abaúj-Zemplén,,48.34550083030956,21.02368757280374
Edelény,3783,Borsod-Abaúj-Zemplén,Finke,48.283226446383146,20.754515565827372
Csobád,3848,Borsod-Abaúj-Zemplén,,48.273915450000004,21.04386698
Forró,3849,Borsod-Abaúj-Zemplén,,48.3167693,21.068406771773237
Ináncs,3851,Borsod-Abaúj-Zemplén,,48.294187699999995,21.042704269763533
Hernádszentandrás,3852,Borsod-Abaúj-Zemplén,,48.284601949999995,21.10065291
Pere,3853,Borsod-Abaúj-Zemplén,,48.287267650000004,21.133998173994264
Gibárt,3854,Borsod-Abaúj-Zemplén,,48.314580500000005,21.158439934453938
Fancsal,3855,Borsod-Abaúj-Zemplén,,48.36177395,21.06494606779309
Encs,3860,Borsod-Abaúj-Zemplén,,48.3440237,21.10801449212598
Szalaszend,3863,Borsod-Abaúj-Zemplén,,48.38867449999999,21.115901524523654
Fulókércs,3864,Borsod-Abaúj-Zemplén,,48.433938600000005,21.11866133834484
Fáj,3865,Borsod-Abaúj-Zemplén,,48.41308345,21.069664162750364
Szemere,3866,Borsod-Abaúj-Zemplén,,48.479497,21.08203337358737
Méra,3871,Borsod-Abaúj-Zemplén,,48.3600943,21.13944353862997
Novajidrány,3872,Borsod-Abaúj-Zemplén,,48.39822925,21.164078689632003
Garadna,3873,Borsod-Abaúj-Zemplén,,48.4207075,21.175402169375072
Hernádvécse,3874,Borsod-Abaúj-Zemplén,,48.46753095,21.152679080029856
Hernádszurdok,3875,Borsod-Abaúj-Zemplén,,48.47682715,21.200109335911456
Hidasnémeti,3876,Borsod-Abaúj-Zemplén,,48.507161499999995,21.189219569685037
Tornyosnémeti,3877,Borsod-Abaúj-Zemplén,,48.518657649999994,21.25077529126694
Sima,3881,Borsod-Abaúj-Zemplén,,48.3020844,21.312772048194105
Abaújkér,3882,Borsod-Abaúj-Zemplén,,48.3153739,21.195697514212753
Boldogkőújfalu,3884,Borsod-Abaúj-Zemplén,,48.3164695,21.259650842609314
Boldogkőváralja,3885,Borsod-Abaúj-Zemplén,,48.343274,21.23865415100358
Korlát,3886,Borsod-Abaúj-Zemplén,,48.3784061,21.253956353924945
Hernádcéce,3887,Borsod-Abaúj-Zemplén,,48.3497084,21.18695236558984
Vizsoly,3888,Borsod-Abaúj-Zemplén,,48.38313625,21.212073571494443
Vilmány,3891,Borsod-Abaúj-Zemplén,,48.41998425,21.23435051563542
Hejce,3892,Borsod-Abaúj-Zemplén,,48.42251485,21.27633503323636
Fony,3893,Borsod-Abaúj-Zemplén,,48.40432895,21.310329199810766
Göncruszka,3894,Borsod-Abaúj-Zemplén,,48.4461807,21.247551693172063
Gönc,3895,Borsod-Abaúj-Zemplén,,48.474379850000005,21.26998061213697
Telkibánya,3896,Borsod-Abaúj-Zemplén,,48.48271855,21.370133966553013
Zsujta,3897,Borsod-Abaúj-Zemplén,,48.50649825,21.283526519433593
Pányok,3898,Borsod-Abaúj-Zemplén,,48.5279495,21.349708762236656
Kéked,3899,Borsod-Abaúj-Zemplén,,48.54560455,21.354610459538694
Szerencs,3900,Borsod-Abaúj-Zemplén,,48.1576738,21.20504666012316
Bekecs,3903,Borsod-Abaúj-Zemplén,,48.13436275,21.169527872871765
Legyesbénye,3904,Borsod-Abaúj-Zemplén,,48.15269295,21.127648050929395
Monok,3905,Borsod-Abaúj-Zemplén,,48.2079226,21.130959321058675
Golop,3906,Borsod-Abaúj-Zemplén,,48.227773,21.18085222
Tállya,3907,Borsod-Abaúj-Zemplén,,48.2374205,21.246317260425926
Rátka,3908,Borsod-Abaúj-Zemplén,,48.204961850000004,21.24121062282532
Mád,3909,Borsod-Abaúj-Zemplén,,48.2082306,21.299342269442437
Tokaj,3910,Borsod-Abaúj-Zemplén,,48.112344449999995,21.40045644004484
Tarcal,3915,Borsod-Abaúj-Zemplén,,48.11673735,21.336626243291622
Bodrogkeresztúr,3916,Borsod-Abaúj-Zemplén,,48.178274599999995,21.407190349221388
Bodrogkisfalud,3917,Borsod-Abaúj-Zemplén,,48.1974313,21.421825493939664
Szegi,3918,Borsod-Abaúj-Zemplén,,48.2064718,21.388848328555923
Szegilong,3918,Borsod-Abaúj-Zemplén,,48.2064718,21.388848328555923
Taktaszada,3921,Borsod-Abaúj-Zemplén,,48.09847035,21.17286319170065
Taktaharkány,3922,Borsod-Abaúj-Zemplén,,48.0733216,21.130507003983148
Taktakenéz,3924,Borsod-Abaúj-Zemplén,,48.045172199999996,21.198506729482318
Prügy,3925,Borsod-Abaúj-Zemplén,,48.08140265,21.249615211789664
Taktabáj,3926,Borsod-Abaúj-Zemplén,,48.060934200000005,21.295580451066705
Csobaj,3927,Borsod-Abaúj-Zemplén,,48.04715315,21.324829000667677
Tiszatardos,3928,Borsod-Abaúj-Zemplén,,48.0442676,21.379661813710804
Tiszaladány,3929,Borsod-Abaúj-Zemplén,,48.0641555,21.401003515473292
Mezőzombor,3931,Borsod-Abaúj-Zemplén,,48.144036099999994,21.262929047753317
Erdőbénye,3932,Borsod-Abaúj-Zemplén,,48.267509849999996,21.340163005956008
Olaszliszka,3933,Borsod-Abaúj-Zemplén,,48.23697885,21.41334854365936
Tolcsva,3934,Borsod-Abaúj-Zemplén,,48.28311755,21.443536416035762
Erdőhorváti,3935,Borsod-Abaúj-Zemplén,,48.32657195,21.41916309253415
Háromhuta,3936,Borsod-Abaúj-Zemplén,,48.3916051,21.421678794640844
Komlóska,3937,Borsod-Abaúj-Zemplén,,48.3410587,21.476855276572806
Vámosújfalu,3941,Borsod-Abaúj-Zemplén,,48.2497343,21.460452050138258
Sárazsadány,3942,Borsod-Abaúj-Zemplén,,48.267353,21.48540610494635
Bodrogolaszi,3943,Borsod-Abaúj-Zemplén,,48.27758945,21.51387694004805
Sárospatak,3950,Borsod-Abaúj-Zemplén,,48.31807835,21.587485110802525
Györgytarló,3954,Borsod-Abaúj-Zemplén,,48.21710795,21.631946709612993
Kenézlő,3955,Borsod-Abaúj-Zemplén,,48.20451765,21.535878640365617
Viss,3956,Borsod-Abaúj-Zemplén,,48.220974350000006,21.507515859775616
Zalkod,3957,Borsod-Abaúj-Zemplén,,48.1862952,21.45756462388934
Hercegkút,3958,Borsod-Abaúj-Zemplén,,48.330296849999996,21.521429878892757
Makkoshotyka,3959,Borsod-Abaúj-Zemplén,,48.37084595,21.51229574328754
Vajdácska,3961,Borsod-Abaúj-Zemplén,,48.2972632,21.65575384327908
Karos,3962,Borsod-Abaúj-Zemplén,,48.30862705,21.735931166420762
Karcsa,3963,Borsod-Abaúj-Zemplén,,48.300749999999994,21.78218846214972
Pácin,3964,Borsod-Abaúj-Zemplén,,48.31725675,21.853080421387624
Nagyrozvágy,3965,Borsod-Abaúj-Zemplén,,48.3366094,21.91411371469099
Arka,3885,Borsod-Abaúj-Zemplén,,48.355879938661644,21.25257962
Abaújalpár,3882,Borsod-Abaúj-Zemplén,,48.30632540889114,21.23270813344095
Abaújvár,3898,Borsod-Abaúj-Zemplén,,48.52649335438004,21.315037339955673
Mogyoróska,3893,Borsod-Abaúj-Zemplén,,48.37595368255606,21.32913073
Szerencs,3902,Borsod-Abaúj-Zemplén,Ond,48.19041688303421,21.21483481876895
Sátoraljaújhely,3944,Borsod-Abaúj-Zemplén,Károlyfalva,48.36732374108349,21.582632876616763
Gesztely,3923,Borsod-Abaúj-Zemplén,Újharangod,48.11269305086541,21.061941910326464
Sátoraljaújhely,3945,Borsod-Abaúj-Zemplén,Rudabányácska,48.412593396051285,21.610802712501027
Lácacséke,3967,Borsod-Abaúj-Zemplén,,48.35358875,21.998758731946545
Tiszakarád,3971,Borsod-Abaúj-Zemplén,,48.2264861,21.721350360538665
Tiszacsermely,3972,Borsod-Abaúj-Zemplén,,48.23685275,21.786191503501705
Ricse,3974,Borsod-Abaúj-Zemplén,,48.3243862,21.972756879364873
Révleányvár,3976,Borsod-Abaúj-Zemplén,,48.3207916,22.030384173127434
Zemplénagárd,3977,Borsod-Abaúj-Zemplén,,48.3420408,22.078960781920003
Dámóc,3978,Borsod-Abaúj-Zemplén,,48.3643359,22.03469508851284
Sátoraljaújhely,3980,Borsod-Abaúj-Zemplén,,48.378968,21.646477331327652
Alsóberecki,3985,Borsod-Abaúj-Zemplén,,48.34694425,21.698385726663588
Bodroghalom,3987,Borsod-Abaúj-Zemplén,,48.288490100000004,21.703826727282177
Mikóháza,3989,Borsod-Abaúj-Zemplén,,48.453908,21.589686034831892
Vilyvitány,3991,Borsod-Abaúj-Zemplén,,48.488577750000005,21.55788012496001
Kovácsvágás,3992,Borsod-Abaúj-Zemplén,,48.4300657,21.528834589734135
Füzérradvány,3993,Borsod-Abaúj-Zemplén,,48.4849458,21.522371687024723
Bózsva,3994,Borsod-Abaúj-Zemplén,,48.4652195,21.46098021611094
Pusztafalu,3995,Borsod-Abaúj-Zemplén,,48.543879000000004,21.498279633105714
Füzér,3996,Borsod-Abaúj-Zemplén,,48.545486,21.449010367248768
Füzérkomlós,3997,Borsod-Abaúj-Zemplén,,48.514483,21.44820222814036
Nyíri,3998,Borsod-Abaúj-Zemplén,,48.49737155,21.438959355538998
Hollóháza,3999,Borsod-Abaúj-Zemplén,,48.54528645,21.409331877590773
Debrecen,4002,Hajdú-Bihar,,47.524969150000004,21.754384652736015
Debrecen,4024,Hajdú-Bihar,,47.5270463,21.63158551583809
Debrecen,4025,Hajdú-Bihar,,47.524865250000005,21.620513747236576
Debrecen,4026,Hajdú-Bihar,,47.535182199999994,21.621122652638626
Debrecen,4027,Hajdú-Bihar,,47.53955005,21.613869940216425
Debrecen,4028,Hajdú-Bihar,,47.54435405,21.637313676179573
Debrecen,4029,Hajdú-Bihar,,47.532128,21.63851497050515
Debrecen,4030,Hajdú-Bihar,,47.50573335,21.627542553116637
Debrecen,4031,Hajdú-Bihar,,47.52160095,21.58326829042174
Debrecen,4032,Hajdú-Bihar,,47.5559798,21.622537773478157
Debrecen,4033,Hajdú-Bihar,,47.547080449999996,21.662808720662326
Debrecen,4034,Hajdú-Bihar,,47.52248415,21.66684048150963
Debrecen,4063,Hajdú-Bihar,,47.57961915,21.479723031173318
Debrecen,4078,Hajdú-Bihar,,47.5269542,21.82570403747242
Debrecen,4079,Hajdú-Bihar,,47.4733822,21.735298759062673
Debrecen,4225,Hajdú-Bihar,,47.611886150000004,21.598644736403788
Nagyhegyes,4064,Hajdú-Bihar,,47.537631950000005,21.321335035070412
Újszentmargita,4065,Hajdú-Bihar,,47.7340649,21.102601903252687
Tiszacsege,4066,Hajdú-Bihar,,47.6770985,21.03018047880397
Egyek,4069,Hajdú-Bihar,,47.624709499999994,20.917467111894954
Hortobágy,4071,Hajdú-Bihar,,47.5837885,21.112457492642765
Görbeháza,4075,Hajdú-Bihar,,47.78681995,21.216618487672882
Hajdúdorog,4087,Hajdú-Bihar,,47.85285985,21.51641885896963
Polgár,4090,Hajdú-Bihar,,47.87243065,21.171803307895075
Folyás,4095,Hajdú-Bihar,,47.795315599999995,21.12677097033042
Újtikos,4096,Hajdú-Bihar,,47.925231100000005,21.20552846364488
Tiszagyulaháza,4097,Hajdú-Bihar,,47.941241250000004,21.148610289734716
Berettyóújfalu,4100,Hajdú-Bihar,,47.204729900000004,21.52798559
Biharkeresztes,4110,Hajdú-Bihar,,47.13865725,21.701789155605457
Bojt,4114,Hajdú-Bihar,,47.1981871,21.718952111045787
Ártánd,4115,Hajdú-Bihar,,47.13821025,21.775153158180224
Berekböszörmény,4116,Hajdú-Bihar,,47.075014100000004,21.66067003193821
Told,4117,Hajdú-Bihar,,47.12047335,21.630823731993978
Mezőpeterd,4118,Hajdú-Bihar,,47.15949185,21.623288611373184
Váncsod,4119,Hajdú-Bihar,,47.19303085,21.640335799583063
Szentpéterszeg,4121,Hajdú-Bihar,,47.2621715,21.609524958910423
Gáborján,4122,Hajdú-Bihar,,47.2527885,21.65098914808972
Hencida,4123,Hajdú-Bihar,,47.249693949999994,21.707187437221467
Esztár,4124,Hajdú-Bihar,,47.28877965,21.752086413505147
Pocsaj,4125,Hajdú-Bihar,,47.29680665,21.836610248540055
Kismarja,4126,Hajdú-Bihar,,47.2409132,21.800600158154765
Nagykereki,4127,Hajdú-Bihar,,47.1833462,21.80835159596505
Bedő,4128,Hajdú-Bihar,,47.1643129,21.75328799386508
Derecske,4130,Hajdú-Bihar,,47.3362968,21.534417092727473
Tépe,4132,Hajdú-Bihar,,47.30834025,21.57690134119993
Konyár,4133,Hajdú-Bihar,,47.318586350000004,21.664919537411144
Mezősas,4134,Hajdú-Bihar,,47.112862899999996,21.56101224847281
Körösszegapáti,4135,Hajdú-Bihar,,47.0676318,21.574343694868457
Körösszakál,4136,Hajdú-Bihar,,47.0223496,21.588679061384966
Magyarhomorog,4137,Hajdú-Bihar,,47.0345109,21.53877097464553
Komádi,4138,Hajdú-Bihar,,47.011613999999994,21.451278393306588
Furta,4141,Hajdú-Bihar,,47.12472345,21.488541161138606
Zsáka,4142,Hajdú-Bihar,,47.12199975,21.400803150691495
Vekerd,4143,Hajdú-Bihar,,47.09348785,21.39936532
Darvas,4144,Hajdú-Bihar,,47.0967622,21.33152618222725
Csökmő,4145,Hajdú-Bihar,,47.038670800000006,21.303058316624767
Újiráz,4146,Hajdú-Bihar,,47.009079099999994,21.367405398827085
Püspökladány,4150,Hajdú-Bihar,,47.30776215,21.109649041496244
Báránd,4161,Hajdú-Bihar,,47.2968949,21.226273650470564
Szerep,4163,Hajdú-Bihar,,47.23118665,21.126735010508803
Debrecen,4042,Hajdú-Bihar,,47.56537304128756,21.632690783225275
Sátoraljaújhely,3988,Borsod-Abaúj-Zemplén,Széphalom,48.43401575359328,21.62777533474289
Egyek,4067,Hajdú-Bihar,Telekháza,47.64580619465035,20.931185893548896
Szerep,4162,Hajdú-Bihar,Hosszúhát,47.233238456573226,21.09656459028752
Hajdúnánás,4085,Hajdú-Bihar,Tedej,47.90593399860911,21.40360098150598
Hajdúböszörmény,4074,Hajdú-Bihar,Nagypród,47.743777678393876,21.296357032670798
Hajdúböszörmény,4086,Hajdú-Bihar,Hajdúvid,47.750062460670044,21.50209447028364
Bakonszeg,4164,Hajdú-Bihar,,47.191414449999996,21.433471547314852
Sárrétudvari,4171,Hajdú-Bihar,,47.23273195,21.185896862572367
Biharnagybajom,4172,Hajdú-Bihar,,47.21077355,21.232283253921914
Nagyrábé,4173,Hajdú-Bihar,,47.2058539,21.32340078575905
Bihartorda,4174,Hajdú-Bihar,,47.21425615,21.370225217625098
Bihardancsháza,4175,Hajdú-Bihar,,47.23291025,21.322872850521414
Sáp,4176,Hajdú-Bihar,,47.253607450000004,21.36476554698545
Földes,4177,Hajdú-Bihar,,47.3105525,21.408208951280834
Nádudvar,4181,Hajdú-Bihar,,47.4399827,21.136932024672227
Kaba,4183,Hajdú-Bihar,,47.356037,21.29827851122371
Tetétlen,4184,Hajdú-Bihar,,47.317486200000005,21.321298563682106
Ebes,4211,Hajdú-Bihar,,47.477896,21.501527247764685
Hajdúszovát,4212,Hajdú-Bihar,,47.371880250000004,21.448270493225007
Bököny,4231,Szabolcs-Szatmár-Bereg,,47.749893349999994,21.742804683121726
Geszteréd,4232,Szabolcs-Szatmár-Bereg,,47.751156699999996,21.789859592541724
Balkány,4233,Szabolcs-Szatmár-Bereg,,47.752897399999995,21.83521933706016
Szakoly,4234,Szabolcs-Szatmár-Bereg,,47.7661456,21.910306578285443
Biri,4235,Szabolcs-Szatmár-Bereg,,47.830353200000005,21.860990617820924
Bocskaikert,4241,Hajdú-Bihar,,47.63129945,21.660658959635747
Hajdúhadház,4242,Hajdú-Bihar,,47.6748757,21.68604585408244
Téglás,4243,Hajdú-Bihar,,47.7334283,21.611827014086693
Újfehértó,4244,Szabolcs-Szatmár-Bereg,,47.795362,21.626235528296412
Érpatak,4245,Szabolcs-Szatmár-Bereg,,47.81956235,21.746583738467354
Hajdúsámson,4251,Hajdú-Bihar,,47.62330775,21.75741955721981
Nyíradony,4254,Hajdú-Bihar,,47.680582650000005,21.916956889538923
Nyíracsád,4262,Hajdú-Bihar,,47.61116135,21.967171906332126
Nyírmártonfalva,4263,Hajdú-Bihar,,47.614019549999995,21.882713111282634
Nyírábrány,4264,Hajdú-Bihar,,47.55792795,22.020469537901267
Fülöp,4266,Hajdú-Bihar,,47.6226451,22.06809860040761
Penészlek,4267,Szabolcs-Szatmár-Bereg,,47.6252078,22.151021789783137
Mikepércs,4271,Hajdú-Bihar,,47.43563325,21.628203311564242
Sáránd,4272,Hajdú-Bihar,,47.3980572,21.595027954052696
Hajdúbagos,4273,Hajdú-Bihar,,47.3935534,21.672647561629354
Hosszúpályi,4274,Hajdú-Bihar,,47.3738692,21.736423438840376
Monostorpályi,4275,Hajdú-Bihar,,47.4026008,21.779164671895117
Kokad,4284,Hajdú-Bihar,,47.410515649999994,21.93109432681753
Álmosd,4285,Hajdú-Bihar,,47.418224249999994,21.980549318854813
Bagamér,4286,Hajdú-Bihar,,47.4629745,21.975789887598104
Vámospércs,4287,Hajdú-Bihar,,47.5156965,21.92194250754453
Újléta,4288,Hajdú-Bihar,,47.457910150000004,21.871113985361973
Nyírbátor,4300,Szabolcs-Szatmár-Bereg,,47.8249732,22.121113415947413
Nyírgyulaj,4311,Szabolcs-Szatmár-Bereg,,47.890919749999995,22.081327150763837
Nagykálló,4320,Szabolcs-Szatmár-Bereg,,47.861807,21.82878985609481
Kállósemjén,4324,Szabolcs-Szatmár-Bereg,,47.8554712,21.915895789802406
Kisléta,4325,Szabolcs-Szatmár-Bereg,,47.82154575,22.00119932197446
Máriapócs,4326,Szabolcs-Szatmár-Bereg,,47.869971449999994,22.029953775302843
Pócspetri,4327,Szabolcs-Szatmár-Bereg,,47.886985,21.975102350547417
Nyírcsászári,4331,Szabolcs-Szatmár-Bereg,,47.86988085,22.175843670772814
Nyírderzs,4332,Szabolcs-Szatmár-Bereg,,47.89852365,22.158266254825783
Nyírkáta,4333,Szabolcs-Szatmár-Bereg,,47.86227375,22.253410732062328
Hodász,4334,Szabolcs-Szatmár-Bereg,,47.92796235,22.21663568420371
Kántorjánosi,4335,Szabolcs-Szatmár-Bereg,,47.94287215,22.145107922124524
Őr,4336,Szabolcs-Szatmár-Bereg,,47.98109385,22.186510165060508
Jármi,4337,Szabolcs-Szatmár-Bereg,,47.95971055,22.24350871987697
Papos,4338,Szabolcs-Szatmár-Bereg,,47.992785,22.24131684623138
Nyírvasvári,4341,Szabolcs-Szatmár-Bereg,,47.80692995,22.201838788162256
Terem,4342,Szabolcs-Szatmár-Bereg,,47.8010694,22.287068734969566
Bátorliget,4343,Szabolcs-Szatmár-Bereg,,47.758882650000004,22.275647448269122
Vállaj,4351,Szabolcs-Szatmár-Bereg,,47.76826815,22.385955503397604
Mérk,4352,Szabolcs-Szatmár-Bereg,,47.7927042,22.38537601864593
Tiborszállás,4353,Szabolcs-Szatmár-Bereg,,47.81758755,22.41838076081384
Fábiánháza,4354,Szabolcs-Szatmár-Bereg,,47.8382328,22.343005773406006
Nagyecsed,4355,Szabolcs-Szatmár-Bereg,,47.87173295,22.399965084882773
Nyírcsaholy,4356,Szabolcs-Szatmár-Bereg,,47.89644465,22.339722612806156
Nyírbogát,4361,Szabolcs-Szatmár-Bereg,,47.79469305000001,22.05361582566958
Nyírgelse,4362,Szabolcs-Szatmár-Bereg,,47.7676446,21.985855327977422
Nyírmihálydi,4363,Szabolcs-Szatmár-Bereg,,47.73274575000001,21.972563574732852
Nyírlugos,4371,Szabolcs-Szatmár-Bereg,,47.68013845,22.028838467279243
Nyírbéltek,4372,Szabolcs-Szatmár-Bereg,,47.689508950000004,22.141509345509196
Ömböly,4373,Szabolcs-Szatmár-Bereg,,47.68475155,22.210680404476363
Encsencs,4374,Szabolcs-Szatmár-Bereg,,47.7375709,22.08569815700857
Piricse,4375,Szabolcs-Szatmár-Bereg,,47.75587375,22.16467142097692
Nyírpilis,4376,Szabolcs-Szatmár-Bereg,,47.7721618,22.19909221
Nyíregyháza,4400,Szabolcs-Szatmár-Bereg,,47.93752995,21.64782485307651
Kálmánháza,4434,Szabolcs-Szatmár-Bereg,,47.8771657,21.598844185598104
Tiszavasvári,4440,Szabolcs-Szatmár-Bereg,,47.9552861,21.378626099390758
Szorgalmatos,4441,Szabolcs-Szatmár-Bereg,,47.9719081,21.38574320112335
Nagycserkesz,4445,Szabolcs-Szatmár-Bereg,,47.96558715,21.553282216419625
Tiszalök,4450,Szabolcs-Szatmár-Bereg,,48.015694249999996,21.377012407474737
Tiszadada,4455,Szabolcs-Szatmár-Bereg,,48.01130705,21.26035882252878
Tiszadob,4456,Szabolcs-Szatmár-Bereg,,47.9899856,21.157706843679644
Tiszaeszlár,4446,Szabolcs-Szatmár-Bereg,Bashalom,48.02369764,21.518346387828835
Létavértes,4281,Hajdú-Bihar,Nagyléta,47.382460742517246,21.89130853476521
Tiszalök,4447,Szabolcs-Szatmár-Bereg,Kisfástanya,47.98628010735003,21.47117002715475
Nyírtelek,4461,Szabolcs-Szatmár-Bereg,,48.0224472,21.596827894405152
Tiszanagyfalu,4463,Szabolcs-Szatmár-Bereg,,48.075699099999994,21.50702254029808
Tiszaeszlár,4464,Szabolcs-Szatmár-Bereg,,48.02943375,21.476462671317208
Rakamaz,4465,Szabolcs-Szatmár-Bereg,,48.1131051,21.475820090971823
Timár,4466,Szabolcs-Szatmár-Bereg,,48.1418167,21.444221486750497
Szabolcs,4467,Szabolcs-Szatmár-Bereg,,48.171006649999995,21.49604057605263
Balsa,4468,Szabolcs-Szatmár-Bereg,,48.1507934,21.527940821010283
Tiszabercel,4474,Szabolcs-Szatmár-Bereg,,48.1515545,21.63587377476127
Paszab,4475,Szabolcs-Szatmár-Bereg,,48.1409854,21.67237716123663
Kótaj,4482,Szabolcs-Szatmár-Bereg,,48.0421506,21.702102825155237
Buj,4483,Szabolcs-Szatmár-Bereg,,48.0902943,21.62301997657316
Ibrány,4484,Szabolcs-Szatmár-Bereg,,48.13400235,21.705403732326822
Nagyhalász,4485,Szabolcs-Szatmár-Bereg,,48.1144262,21.760098399974435
Tiszatelek,4487,Szabolcs-Szatmár-Bereg,,48.208710100000005,21.80450160691489
Beszterec,4488,Szabolcs-Szatmár-Bereg,,48.1566919,21.838908260659164
Újdombrád,4491,Szabolcs-Szatmár-Bereg,,48.184923100000006,21.87248091823364
Dombrád,4492,Szabolcs-Szatmár-Bereg,,48.21389665,21.89131670301687
Tiszakanyár,4493,Szabolcs-Szatmár-Bereg,,48.2397835,21.959580974459303
Kékcse,4494,Szabolcs-Szatmár-Bereg,,48.2415735,22.00313028504673
Döge,4495,Szabolcs-Szatmár-Bereg,,48.26652385,22.061426404511238
Szabolcsveresmart,4496,Szabolcs-Szatmár-Bereg,,48.284076850000005,22.01377109690092
Kemecse,4501,Szabolcs-Szatmár-Bereg,,48.06190695,21.800086708732422
Vasmegyer,4502,Szabolcs-Szatmár-Bereg,,48.1143468,21.82606974274103
Tiszarád,4503,Szabolcs-Szatmár-Bereg,,48.129160799999994,21.795519441740403
Nyírbogdány,4511,Szabolcs-Szatmár-Bereg,,48.078223449999996,21.859666622027206
Kék,4515,Szabolcs-Szatmár-Bereg,,48.1210466,21.87570436962208
Demecser,4516,Szabolcs-Szatmár-Bereg,,48.121481349999996,21.91738866948524
Gégény,4517,Szabolcs-Szatmár-Bereg,,48.1442617,21.943153697101096
Berkesz,4521,Szabolcs-Szatmár-Bereg,,48.091065799999996,21.974272303140417
Nyírtass,4522,Szabolcs-Szatmár-Bereg,,48.10821895,22.021672024999408
Pátroha,4523,Szabolcs-Szatmár-Bereg,,48.16496035,21.988825058596056
Ajak,4524,Szabolcs-Szatmár-Bereg,,48.1713867,22.05420374627082
Rétközberencs,4525,Szabolcs-Szatmár-Bereg,,48.20495355,22.015040204095396
Nyírpazony,4531,Szabolcs-Szatmár-Bereg,,47.9984482,21.794266615748416
Nyírtura,4532,Szabolcs-Szatmár-Bereg,,48.0008597,21.83652346451456
Sényő,4533,Szabolcs-Szatmár-Bereg,,47.994462299999995,21.87947857973076
Székely,4534,Szabolcs-Szatmár-Bereg,,48.051649499999996,21.929733689708897
Nyíribrony,4535,Szabolcs-Szatmár-Bereg,,48.0184613,21.95880641265388
Ramocsaháza,4536,Szabolcs-Szatmár-Bereg,,48.0521827,21.987880325665685
Nyírkércs,4537,Szabolcs-Szatmár-Bereg,,48.01650845,22.01974897950468
Nyírjákó,4541,Szabolcs-Szatmár-Bereg,,48.031140300000004,22.08056213032655
Petneháza,4542,Szabolcs-Szatmár-Bereg,,48.06639185,22.08822083355133
Laskod,4543,Szabolcs-Szatmár-Bereg,,48.0574407,22.03408942513102
Nyírkarász,4544,Szabolcs-Szatmár-Bereg,,48.10050555,22.123399286845622
Gyulaháza,4545,Szabolcs-Szatmár-Bereg,,48.1400548,22.10392569
Anarcs,4546,Szabolcs-Szatmár-Bereg,,48.17763065,22.108971330960184
Szabolcsbáka,4547,Szabolcs-Szatmár-Bereg,,48.16503385,22.160792606592796
Napkor,4552,Szabolcs-Szatmár-Bereg,,47.933414400000004,21.87258723345216
Apagy,4553,Szabolcs-Szatmár-Bereg,,47.95336225,21.932020427231294
Nyírtét,4554,Szabolcs-Szatmár-Bereg,,48.01126385,21.915986221563138
Levelek,4555,Szabolcs-Szatmár-Bereg,,47.9758252,21.978787001421708
Magy,4556,Szabolcs-Szatmár-Bereg,,47.92574745,21.971183749873635
Besenyőd,4557,Szabolcs-Szatmár-Bereg,,47.970038900000006,22.027321238791323
Ófehértó,4558,Szabolcs-Szatmár-Bereg,,47.93362745,22.05047683370782
Baktalórántháza,4561,Szabolcs-Szatmár-Bereg,,47.9907847,22.07210326628357
Vaja,4562,Szabolcs-Szatmár-Bereg,,48.00709675,22.175180438553802
Rohod,4563,Szabolcs-Szatmár-Bereg,,48.041347200000004,22.134461954872982
Nyírmada,4564,Szabolcs-Szatmár-Bereg,,48.07873725,22.20588664
Pusztadobos,4565,Szabolcs-Szatmár-Bereg,,48.049851849999996,22.235736717848468
Ilk,4566,Szabolcs-Szatmár-Bereg,,48.118995850000005,22.230870928528525
Gemzse,4567,Szabolcs-Szatmár-Bereg,,48.1449874,22.19687754615189
Jéke,4611,Szabolcs-Szatmár-Bereg,,48.23939215,22.14987352043724
Fényeslitke,4621,Szabolcs-Szatmár-Bereg,,48.275027699999995,22.110272472272776
Komoró,4622,Szabolcs-Szatmár-Bereg,,48.30899445,22.10215747615834
Tuzsér,4623,Szabolcs-Szatmár-Bereg,,48.329159450000006,22.128574421999417
Tiszabezdéd,4624,Szabolcs-Szatmár-Bereg,,48.367660650000005,22.151770245512594
Záhony,4625,Szabolcs-Szatmár-Bereg,,48.398523,22.172986871127513
Zsurk,4627,Szabolcs-Szatmár-Bereg,,48.402781950000005,22.22615646069083
Tiszaszentmárton,4628,Szabolcs-Szatmár-Bereg,,48.37902465,22.22000898125626
Pap,4631,Szabolcs-Szatmár-Bereg,,48.20934895,22.148637938711445
Nyírlövő,4632,Szabolcs-Szatmár-Bereg,,48.2016134,22.188186226632844
Lövőpetri,4633,Szabolcs-Szatmár-Bereg,,48.1801094,22.200769640262585
Aranyosapáti,4634,Szabolcs-Szatmár-Bereg,,48.20564215,22.26032550585986
Újkenéz,4635,Szabolcs-Szatmár-Bereg,,48.245687849999996,22.25565036331205
Mezőladány,4641,Szabolcs-Szatmár-Bereg,,48.2740467,22.221880937169587
Tornyospálca,4642,Szabolcs-Szatmár-Bereg,,48.2495181,22.191219946333888
Benk,4643,Szabolcs-Szatmár-Bereg,,48.3017176,22.24835147135129
Mándok,4644,Szabolcs-Szatmár-Bereg,,48.319210749999996,22.18644515
Tiszamogyorós,4645,Szabolcs-Szatmár-Bereg,,48.3307438,22.23858114098697
Eperjeske,4646,Szabolcs-Szatmár-Bereg,,48.345834999999994,22.206696127297306
Szamoskér,4721,Szabolcs-Szatmár-Bereg,,48.006675900000005,22.418400843081294
Nyírmeggyes,4722,Szabolcs-Szatmár-Bereg,,47.911723,22.270351224781265
Tunyogmatolcs,4731,Szabolcs-Szatmár-Bereg,,47.96780115,22.436885679580577
Cégénydányád,4732,Szabolcs-Szatmár-Bereg,,47.93889045,22.539189897992784
Gyügye,4733,Szabolcs-Szatmár-Bereg,,47.926570049999995,22.57123527
Ibafa,7935,Baranya,,46.1590755,17.941253538551788
Szamosújlak,4734,Szabolcs-Szatmár-Bereg,,47.9252264,22.599231001650764
Szamossályi,4735,Szabolcs-Szatmár-Bereg,,47.89967685,22.612673735103087
Kisnamény,4737,Szabolcs-Szatmár-Bereg,,47.955799150000004,22.693993055370683
Jánkmajtis,4741,Szabolcs-Szatmár-Bereg,,47.93437145,22.655094076277663
Csegöld,4742,Szabolcs-Szatmár-Bereg,,47.8962312,22.67683293583574
Csengersima,4743,Szabolcs-Szatmár-Bereg,,47.8644996,22.737720806208827
Szamosbecs,4745,Szabolcs-Szatmár-Bereg,,47.86494625,22.694218824700673
Szamostatárfalva,4746,Szabolcs-Szatmár-Bereg,,47.877975000000006,22.67101825460705
Kocsord,4751,Szabolcs-Szatmár-Bereg,,47.94145025,22.38067001487606
Győrtelek,4752,Szabolcs-Szatmár-Bereg,,47.91812995,22.42904145273208
Fülpösdaróc,4754,Szabolcs-Szatmár-Bereg,,47.94434295,22.475092556978694
Ököritófülpös,4755,Szabolcs-Szatmár-Bereg,,47.9145478,22.493155386373356
Rápolt,4756,Szabolcs-Szatmár-Bereg,,47.9182682,22.551584903099712
Porcsalma,4761,Szabolcs-Szatmár-Bereg,,47.891884450000006,22.54629945129864
Tyukod,4762,Szabolcs-Szatmár-Bereg,,47.84256295,22.524695990450752
Ura,4763,Szabolcs-Szatmár-Bereg,,47.81106455,22.558293184128793
Csengerújfalu,4764,Szabolcs-Szatmár-Bereg,,47.8042997,22.62727279
Csenger,4765,Szabolcs-Szatmár-Bereg,,47.82223995,22.669838845303822
Pátyod,4766,Szabolcs-Szatmár-Bereg,,47.8692816,22.613160791172042
Szamosangyalos,4767,Szabolcs-Szatmár-Bereg,,47.87098815,22.646207
Vásárosnamény,4800,Szabolcs-Szatmár-Bereg,,48.126655400000004,22.304412089541017
Kisvarsány,4811,Szabolcs-Szatmár-Bereg,,48.14085215,22.28574777827253
Nagyvarsány,4812,Szabolcs-Szatmár-Bereg,,48.157665050000006,22.278151845501505
Gyüre,4813,Szabolcs-Szatmár-Bereg,,48.1696769,22.249678820961975
Ópályi,4821,Szabolcs-Szatmár-Bereg,,47.99789115,22.316320265158573
Nyírparasznya,4822,Szabolcs-Szatmár-Bereg,,48.024795850000004,22.25623177643955
Nagydobos,4823,Szabolcs-Szatmár-Bereg,,48.04487425,22.30101287509494
Szamosszeg,4824,Szabolcs-Szatmár-Bereg,,48.031898549999994,22.366930668895915
Olcsva,4826,Szabolcs-Szatmár-Bereg,,48.083067650000004,22.330198845243775
Tiszaszalka,4831,Szabolcs-Szatmár-Bereg,,48.187674349999995,22.325791651598216
Tiszavid,4832,Szabolcs-Szatmár-Bereg,,48.206167699999995,22.31100515347747
Tiszaadony,4833,Szabolcs-Szatmár-Bereg,,48.22882215,22.318536292371295
Tiszakerecseny,4834,Szabolcs-Szatmár-Bereg,,48.260182099999994,22.316683404888693
Mátyus,4835,Szabolcs-Szatmár-Bereg,,48.2811382,22.30350058126108
Lónya,4836,Szabolcs-Szatmár-Bereg,,48.3236748,22.28259306445956
Jánd,4841,Szabolcs-Szatmár-Bereg,,48.1107169,22.39132248027792
Gulács,4842,Szabolcs-Szatmár-Bereg,,48.079180550000004,22.45954158494033
Hetefejércse,4843,Szabolcs-Szatmár-Bereg,,48.12309125,22.468933379252412
Csaroda,4844,Szabolcs-Szatmár-Bereg,,48.1542901,22.456239415440265
Tákos,4845,Szabolcs-Szatmár-Bereg,,48.15429315,22.40902530066605
Fehérgyarmat,4900,Szabolcs-Szatmár-Bereg,,47.9970977,22.50865188854685
Nábrád,4911,Szabolcs-Szatmár-Bereg,,48.0164659,22.446342331399872
Kérsemjén,4912,Szabolcs-Szatmár-Bereg,,48.03374745,22.418777298581453
Panyola,4913,Szabolcs-Szatmár-Bereg,,48.061354550000004,22.396119030487906
Olcsvaapáti,4914,Szabolcs-Szatmár-Bereg,,48.085582900000006,22.368520445761256
Kisar,4921,Szabolcs-Szatmár-Bereg,,48.0601608,22.50708899209882
Nagyar,4922,Szabolcs-Szatmár-Bereg,,48.050933549999996,22.54629421
Tarpa,4931,Szabolcs-Szatmár-Bereg,,48.103088,22.53141424509292
Márokpapi,4932,Szabolcs-Szatmár-Bereg,,48.1515399,22.51016273079528
Beregsurány,4933,Szabolcs-Szatmár-Bereg,,48.15887635,22.55890603849212
Beregdaróc,4934,Szabolcs-Szatmár-Bereg,,48.206402600000004,22.51293014945082
Gelénes,4935,Szabolcs-Szatmár-Bereg,,48.187143250000005,22.435167387074962
Vámosatya,4936,Szabolcs-Szatmár-Bereg,,48.19455485,22.3874138
Barabás,4937,Szabolcs-Szatmár-Bereg,,48.2319691,22.43288289565822
Penyige,4941,Szabolcs-Szatmár-Bereg,,47.99186155,22.569134399595704
Mánd,4942,Szabolcs-Szatmár-Bereg,,47.9975967,22.61061633586612
Kömörő,4943,Szabolcs-Szatmár-Bereg,,48.02790205,22.60303170666162
Túristvándi,4944,Szabolcs-Szatmár-Bereg,,48.04787145,22.645209490672613
Szatmárcseke,4945,Szabolcs-Szatmár-Bereg,,48.07333065,22.626939358344682
Tiszakóród,4946,Szabolcs-Szatmár-Bereg,,48.09570735,22.711872127009073
Tiszacsécse,4947,Szabolcs-Szatmár-Bereg,,48.1045661,22.74818874438185
Milota,4948,Szabolcs-Szatmár-Bereg,,48.09439495,22.776453953354356
Tiszabecs,4951,Szabolcs-Szatmár-Bereg,,48.085577900000004,22.80318371
Uszka,4952,Szabolcs-Szatmár-Bereg,,48.07054035,22.844216887131914
Magosliget,4953,Szabolcs-Szatmár-Bereg,,48.04798395,22.859023569554317
Sonkád,4954,Szabolcs-Szatmár-Bereg,,48.0491081,22.762754304293566
Botpalád,4955,Szabolcs-Szatmár-Bereg,,48.02980185,22.799651015614508
Kispalád,4956,Szabolcs-Szatmár-Bereg,,48.01776125,22.842626014523596
Zsarolyán,4961,Szabolcs-Szatmár-Bereg,,47.951205650000006,22.59371131
Nagyszekeres,4962,Szabolcs-Szatmár-Bereg,,47.97068365,22.597297779524133
Kisszekeres,4963,Szabolcs-Szatmár-Bereg,,47.9825353,22.64809515983179
Fülesd,4964,Szabolcs-Szatmár-Bereg,,48.02560185,22.662147261147666
Kölcse,4965,Szabolcs-Szatmár-Bereg,,48.0434706,22.711325933765295
Vámosoroszi,4966,Szabolcs-Szatmár-Bereg,,47.99482635,22.689110277360186
Csaholc,4967,Szabolcs-Szatmár-Bereg,,47.997653549999995,22.738644028269093
Túrricse,4968,Szabolcs-Szatmár-Bereg,,47.9806156,22.767265365884782
Tisztaberek,4969,Szabolcs-Szatmár-Bereg,,47.9806156,22.800921198945073
Rozsály,4971,Szabolcs-Szatmár-Bereg,,47.92428955,22.804006859057232
Gacsály,4972,Szabolcs-Szatmár-Bereg,,47.925800300000006,22.748701216856215
Császló,4973,Szabolcs-Szatmár-Bereg,,47.9103873,22.72135125650356
Zajta,4974,Szabolcs-Szatmár-Bereg,,47.90702885,22.80168609154191
Méhtelek,4975,Szabolcs-Szatmár-Bereg,,47.92912395,22.848821775975033
Garbolc,4976,Szabolcs-Szatmár-Bereg,,47.94784515,22.86946186
Tivadar,4921,Szabolcs-Szatmár-Bereg,,48.063741158070314,22.51304554737475
Géberjén,4754,Szabolcs-Szatmár-Bereg,,47.93530379886683,22.462007100431553
Vásárosnamény,4804,Szabolcs-Szatmár-Bereg,Vitka,48.09651633931078,22.31564198196829
Vásárosnamény,4803,Szabolcs-Szatmár-Bereg,Gergelyiugornya,48.128602688082296,22.344984484394505
Kishódos,4977,Szabolcs-Szatmár-Bereg,,47.9782845,22.83658201804701
Zagyvarékas,5051,Jász-Nagykun-Szolnok,,47.2438779,20.103547018099963
Újszász,5052,Jász-Nagykun-Szolnok,,47.27296565,20.047419754067445
Szászberek,5053,Jász-Nagykun-Szolnok,,47.306134099999994,20.14191041
Jászalsószentgyörgy,5054,Jász-Nagykun-Szolnok,,47.3916209,20.111759139496055
Jászladány,5055,Jász-Nagykun-Szolnok,,47.35579595,20.19892408511968
Tiszasüly,5061,Jász-Nagykun-Szolnok,,47.3928518,20.353847842401898
Kőtelek,5062,Jász-Nagykun-Szolnok,,47.3355756,20.39031602179264
Hunyadfalva,5063,Jász-Nagykun-Szolnok,,47.313392,20.36727727
Csataszög,5064,Jász-Nagykun-Szolnok,,47.282484350000004,20.374867513154825
Nagykörű,5065,Jász-Nagykun-Szolnok,,47.27132375,20.42271457135865
Besenyszög,5071,Jász-Nagykun-Szolnok,,47.265914800000004,20.266855987535195
Szajol,5081,Jász-Nagykun-Szolnok,,47.1638617,20.292534584837362
Tiszatenyő,5082,Jász-Nagykun-Szolnok,,47.12723615,20.375330436644475
Kengyel,5083,Jász-Nagykun-Szolnok,,47.078632799999994,20.343522930908275
Rákócziújfalu,5084,Jász-Nagykun-Szolnok,,47.047786099999996,20.25041833171181
Rákóczifalva,5085,Jász-Nagykun-Szolnok,,47.067790349999996,20.22965004575527
Tószeg,5091,Jász-Nagykun-Szolnok,,47.11172795,20.12459042572066
Tiszavárkony,5092,Jász-Nagykun-Szolnok,,47.066816849999995,20.165745396821126
Vezseny,5093,Jász-Nagykun-Szolnok,,47.0261369,20.230473510222517
Tiszajenő,5094,Jász-Nagykun-Szolnok,,47.01227765,20.147465428167777
Jászfelsőszentgyörgy,5111,Jász-Nagykun-Szolnok,,47.506387000000004,19.81363187613558
Jászjákóhalma,5121,Jász-Nagykun-Szolnok,,47.50501405,20.037593800268628
Jászdózsa,5122,Jász-Nagykun-Szolnok,,47.5587481,20.048444994709854
Jászárokszállás,5123,Jász-Nagykun-Szolnok,,47.627557800000005,19.933735973568787
Jászágó,5124,Jász-Nagykun-Szolnok,,47.5942788,19.87213594108384
Pusztamonostor,5125,Jász-Nagykun-Szolnok,,47.55778825,19.796114999820862
Jászfényszaru,5126,Jász-Nagykun-Szolnok,,47.568523049999996,19.710460020053706
Jászapáti,5130,Jász-Nagykun-Szolnok,,47.51353425,20.145121893996585
Jászivány,5135,Jász-Nagykun-Szolnok,,47.52463415,20.249517928085286
Jászszentandrás,5136,Jász-Nagykun-Szolnok,,47.57284325,20.172004878319335
Jászkisér,5137,Jász-Nagykun-Szolnok,,47.4484261,20.2281454
Jásztelek,5141,Jász-Nagykun-Szolnok,,47.464469449999996,20.04545276996378
Alattyán,5142,Jász-Nagykun-Szolnok,,47.42981895,20.056577207450957
Jánoshida,5143,Jász-Nagykun-Szolnok,,47.41238315,20.003614579947502
Jászboldogháza,5144,Jász-Nagykun-Szolnok,,47.3578778,20.02851774491254
Tiszapüspöki,5211,Jász-Nagykun-Szolnok,,47.20889805,20.32929637201304
Örményes,5222,Jász-Nagykun-Szolnok,,47.1905271,20.56916031038866
Fegyvernek,5231,Jász-Nagykun-Szolnok,,47.2457792,20.53900065046914
Tiszabő,5232,Jász-Nagykun-Szolnok,,47.312450749999996,20.512439561641266
Tiszagyenda,5233,Jász-Nagykun-Szolnok,,47.36526845,20.521373958561416
Tiszaroff,5234,Jász-Nagykun-Szolnok,,47.38549885,20.468310259607122
Tiszabura,5235,Jász-Nagykun-Szolnok,,47.4494417,20.49717571222103
Abádszalók,5241,Jász-Nagykun-Szolnok,,47.45399615,20.610479767843437
Tiszaderzs,5243,Jász-Nagykun-Szolnok,,47.52006085,20.644342496121908
Tiszaszőlős,5244,Jász-Nagykun-Szolnok,,47.5606315,20.72393626092738
Berekfürdő,5309,Jász-Nagykun-Szolnok,,47.39910585,20.88807793942911
Kisújszállás,5310,Jász-Nagykun-Szolnok,,47.20113275,20.768251960215032
Kunmadaras,5321,Jász-Nagykun-Szolnok,,47.4254211,20.84999572858242
Tiszaszentimre,5322,Jász-Nagykun-Szolnok,,47.4809722,20.736718998049845
Tomajmonostora,5324,Jász-Nagykun-Szolnok,,47.440432200000004,20.708768513453574
Kenderes,5331,Jász-Nagykun-Szolnok,,47.26128385,20.674648590038835
Kunhegyes,5340,Jász-Nagykun-Szolnok,,47.34973205,20.663780565826915
Tiszafüred,5350,Jász-Nagykun-Szolnok,,47.598735149999996,20.789411847996618
Tiszaigar,5361,Jász-Nagykun-Szolnok,,47.532536050000004,20.807684841637425
Tiszaörs,5362,Jász-Nagykun-Szolnok,,47.500295449999996,20.837225025754783
Nagyiván,5363,Jász-Nagykun-Szolnok,,47.49551975,20.939602214175515
Kétpó,5411,Jász-Nagykun-Szolnok,,47.06309695,20.460219627904685
Kuncsorba,5412,Jász-Nagykun-Szolnok,,47.125371200000004,20.554093030222546
Túrkeve,5420,Jász-Nagykun-Szolnok,,47.1067434,20.71748297
Tiszaföldvár,5430,Jász-Nagykun-Szolnok,,46.9785363,20.26497789
Martfű,5435,Jász-Nagykun-Szolnok,,47.02627885,20.306675626408044
Kunszentmárton,5440,Jász-Nagykun-Szolnok,,46.82817145,20.30780140101878
Öcsöd,5451,Jász-Nagykun-Szolnok,,46.8804294,20.378080599333423
Mesterszállás,5452,Jász-Nagykun-Szolnok,,46.9391428,20.452793996759247
Mezőhék,5453,Jász-Nagykun-Szolnok,,47.0049042,20.418065569191572
Cibakháza,5462,Jász-Nagykun-Szolnok,,46.9623125,20.185005823917244
Nagyrév,5463,Jász-Nagykun-Szolnok,,46.942882499999996,20.148097465084888
Tiszainoka,5464,Jász-Nagykun-Szolnok,,46.90149395,20.175668103824798
Cserkeszőlő,5465,Jász-Nagykun-Szolnok,,46.8569548,20.18682477797143
Tiszakürt,5471,Jász-Nagykun-Szolnok,,46.86863165,20.126376255716323
Tiszasas,5474,Jász-Nagykun-Szolnok,,46.81542935,20.08199351852577
Csépa,5475,Jász-Nagykun-Szolnok,,46.79974815,20.122017125500935
Szelevény,5476,Jász-Nagykun-Szolnok,,46.80704135,20.190398520964642
Dévaványa,5510,Békés,,47.03869105,20.940207199546258
Ecsegfalva,5515,Békés,,47.14097035,20.928382421294955
Körösladány,5516,Békés,,46.952103949999994,21.069364640454985
Jászberény,5152,Jász-Nagykun-Szolnok,Portelek,47.40546396172251,19.935120466918367
Tiszaszentimre,5323,Jász-Nagykun-Szolnok,Újszentgyörgy,47.44817110349395,20.72164854
Tiszafüred,5358,Jász-Nagykun-Szolnok,Tiszaörvény,47.60463593,20.72451324175578
Tiszafüred,5359,Jász-Nagykun-Szolnok,Kócsújfalu,47.545833455695046,20.931340454049952
Kenderes,5349,Jász-Nagykun-Szolnok,Bánhalma,47.304893891169684,20.616247026836025
Szeghalom,5520,Békés,,47.03269095,21.125950428768654
Füzesgyarmat,5525,Békés,,47.11754995,21.22069217652139
Kertészsziget,5526,Békés,,47.15590555,21.059357743324195
Bucsa,5527,Békés,,47.198505,20.997721729204358
Vésztő,5530,Békés,,46.9099536,21.25144371
Okány,5534,Békés,,46.89457525,21.354347836315725
Körösújfalu,5536,Békés,,46.9560574,21.38993560472145
Zsadány,5537,Békés,,46.918709,21.457719646169554
Biharugra,5538,Békés,,46.96565794999999,21.621181807921992
Körösnagyharsány,5539,Békés,,47.0017424,21.65441318317636
Csabacsűd,5551,Békés,,46.79454855,20.632760481732277
Kardos,5552,Békés,,46.791482,20.737979382655844
Kondoros,5553,Békés,,46.7503031,20.814013918589495
Hunya,5555,Békés,,46.810547549999995,20.842423013117006
Örménykút,5556,Békés,,46.833563749999996,20.753266515667246
Békésszentandrás,5561,Békés,,46.84872445,20.465216837077577
Csabaszabadi,5609,Békés,,46.59006695,20.939511265038224
Csárdaszállás,5621,Békés,,46.8862577,20.93259896173922
Köröstarcsa,5622,Békés,,46.890475699999996,21.01802658541751
Doboz,5624,Békés,,46.738578649999994,21.25710277809364
Tarhos,5641,Békés,,46.80918135,21.25082374
Bélmegyer,5643,Békés,,46.871499400000005,21.17819894922076
Mezőberény,5650,Békés,,46.85496155,21.07983842194912
Újkígyós,5661,Békés,,46.584033950000006,21.018363162540787
Csanádapáca,5662,Békés,,46.5342108,20.87144846132121
Medgyesbodzás,5663,Békés,,46.533821450000005,20.94391636344622
Pusztaottlaka,5665,Békés,,46.5434346,21.027738906142734
Medgyesegyháza,5666,Békés,,46.508193899999995,21.048184866030475
Magyarbánhegyes,5667,Békés,,46.45481735,20.962519978805773
Nagybánhegyes,5668,Békés,,46.4694431,20.90685244
Murony,5672,Békés,,46.758634900000004,21.034907437515884
Kamut,5673,Békés,,46.75804325,20.954019734663923
Kétsoprony,5674,Békés,,46.7154863,20.886367775789726
Telekgerendás,5675,Békés,,46.65255315,20.937645431809237
Szabadkígyós,5712,Békés,,46.60112925,21.099964406725675
Sarkad,5720,Békés,,46.768742950000004,21.362245251862575
Kötegyán,5725,Békés,,46.72598995,21.486162484263552
Méhkerék,5726,Békés,,46.7800898,21.465255327938713
Újszalonta,5727,Békés,,46.8123742,21.488466133887467
Sarkadkeresztúr,5731,Békés,,46.828935,21.409124684374667
Mezőgyán,5732,Békés,,46.855407400000004,21.46887535946056
Geszt,5734,Békés,,46.8943353,21.549108894596394
Kétegyháza,5741,Békés,,46.522509799999995,21.173572514106596
Elek,5742,Békés,,46.5157603,21.23669748867437
Lőkösháza,5743,Békés,,46.4358048,21.255786105382676
Kevermes,5744,Békés,,46.40641575,21.176548784528663
Dombiratos,5745,Békés,,46.4141104,21.115911362766987
Kunágota,5746,Békés,,46.429254549999996,21.033833228784175
Almáskamarás,5747,Békés,,46.45784105,21.07924537595109
Nagykamarás,5751,Békés,,46.461585549999995,21.14700708
Mezőkovácsháza,5800,Békés,,46.4011736,20.928772219135432
Végegyháza,5811,Békés,,46.39250295,20.860884642755707
Mezőhegyes,5820,Békés,,46.3333361,20.843989775530808
Battonya,5830,Békés,,46.3145559,21.021435385702684
Dombegyház,5836,Békés,,46.3417392,21.13399904681558
Kisdombegyház,5837,Békés,,46.37311355,21.118097306891478
Magyardombegyház,5838,Békés,,46.37836815,21.079592275638667
Pusztaföldvár,5919,Békés,,46.5214639,20.809909156004007
Csorvás,5920,Békés,,46.651608949999996,20.796663315053955
Gerendás,5925,Békés,,46.60588775,20.854539992249244
Nagyszénás,5931,Békés,,46.69881825,20.667218667551765
Gádoros,5932,Békés,,46.675869750000004,20.59920740055411
Tótkomlós,5940,Békés,,46.423912650000005,20.750984424568838
Kardoskút,5945,Békés,,46.493307200000004,20.68447711413181
Békéssámson,5946,Békés,,46.411230849999995,20.607041534953105
Kaszaper,5948,Békés,,46.45673415,20.825610193467554
Szentkirály,6031,Bács-Kiskun,,46.9369266,19.91625141721031
Nyárlőrinc,6032,Bács-Kiskun,,46.85529579999999,19.876359709863234
Városföld,6033,Bács-Kiskun,,46.8258024,19.75274269436818
Helvécia,6034,Bács-Kiskun,,46.815059149999996,19.601612630952154
Ballószög,6035,Bács-Kiskun,,46.8478591,19.558587539222415
Kerekegyháza,6041,Bács-Kiskun,,46.9195439,19.51359850793456
Fülöpháza,6042,Bács-Kiskun,,46.8926424,19.446046791285923
Kunbaracs,6043,Bács-Kiskun,,46.99273255,19.389863260828633
Ladánybene,6045,Bács-Kiskun,,47.0279928,19.449489223212836
Lajosmizse,6050,Bács-Kiskun,,47.049853999999996,19.574142239938297
Felsőlajos,6055,Bács-Kiskun,,47.062751500000005,19.503963230101128
Tiszakécske,6060,Bács-Kiskun,,46.947025999999994,20.048044115685528
Tiszaug,6064,Bács-Kiskun,,46.85870015,20.064055777498318
Lakitelek,6065,Bács-Kiskun,,46.8856264,19.997539285575847
Izsák,6070,Bács-Kiskun,,46.8035603,19.372085371502166
Páhi,6075,Bács-Kiskun,,46.7103879,19.406206274865234
Ágasegyháza,6076,Bács-Kiskun,,46.8304724,19.47397479173759
Orgovány,6077,Bács-Kiskun,,46.74094245,19.48143399898296
Jakabszállás,6078,Bács-Kiskun,,46.75251985,19.61498731879456
Szabadszállás,6080,Bács-Kiskun,,46.8801853,19.223970785979617
Fülöpszállás,6085,Bács-Kiskun,,46.8273034,19.23781711232575
Szalkszentmárton,6086,Bács-Kiskun,,46.96398945,19.038762939891626
Dunavecse,6087,Bács-Kiskun,,46.9014352,19.046785183684804
Apostag,6088,Bács-Kiskun,,46.87431355,18.97728953666808
Kunszentmiklós,6090,Bács-Kiskun,,47.0024249,19.18214164208986
Kunpeszér,6096,Bács-Kiskun,,47.082183799999996,19.27435990882745
Tiszakécske,6062,Bács-Kiskun,Tiszabög,46.97448603374229,20.11176870306099
Kecskemét,6044,Bács-Kiskun,Hetényegyháza,46.92701751836387,19.57993429776935
Tiszaalpár,6067,Bács-Kiskun,Tiszaújfalu,46.80327211239658,20.002951842978486
Tiszaalpár,6066,Bács-Kiskun,Alpár,46.817750675302186,19.990452929950823
Kunadacs,6097,Bács-Kiskun,,46.97488955,19.29895283440316
Tass,6098,Bács-Kiskun,,47.01358345,19.033971016756567
Gátér,6111,Bács-Kiskun,,46.677014850000006,19.97055431822435
Pálmonostora,6112,Bács-Kiskun,,46.6000203,19.946119858021838
Petőfiszállás,6113,Bács-Kiskun,,46.61516845,19.851934239154083
Bugac,6114,Bács-Kiskun,,46.673288,19.65085538929752
Kunszállás,6115,Bács-Kiskun,,46.7699935,19.73881785
Fülöpjakab,6116,Bács-Kiskun,,46.7496608,19.710369892288924
Kiskunmajsa,6120,Bács-Kiskun,,46.4605896,19.727436696241355
Szank,6131,Bács-Kiskun,,46.57614305,19.630432830234035
Móricgát,6132,Bács-Kiskun,,46.620654900000005,19.678573577760275
Jászszentlászló,6133,Bács-Kiskun,,46.5751201,19.77592939966199
Kömpöc,6134,Bács-Kiskun,,46.47635885,19.861863051946187
Csólyospálos,6135,Bács-Kiskun,,46.4278678,19.842534596674867
Harkakötöny,6136,Bács-Kiskun,,46.48824865,19.581862737130656
Kiskőrös,6200,Bács-Kiskun,,46.6149267,19.280588818290788
Kaskantyú,6211,Bács-Kiskun,,46.6637233,19.40579174302232
Akasztó,6221,Bács-Kiskun,,46.687228649999994,19.203282534218765
Csengőd,6222,Bács-Kiskun,,46.7224752,19.306847760535444
Soltszentimre,6223,Bács-Kiskun,,46.75019935,19.23528466266226
Tabdi,6224,Bács-Kiskun,,46.67936675,19.292871677261015
Soltvadkert,6230,Bács-Kiskun,,46.564225750000006,19.360602060573655
Bócsa,6235,Bács-Kiskun,,46.64491945,19.502348017355903
Tázlár,6236,Bács-Kiskun,,46.53858275,19.508885764538523
Kecel,6237,Bács-Kiskun,,46.536364250000005,19.261532284202477
Imrehegy,6238,Bács-Kiskun,,46.46556265,19.301116684361318
Császártöltés,6239,Bács-Kiskun,,46.42254955,19.210499978962552
Öregcsertő,6311,Bács-Kiskun,,46.5319621,19.152346160793577
Solt,6320,Bács-Kiskun,,46.80553115,19.052077955507247
Újsolt,6321,Bács-Kiskun,,46.85851455,19.088795648220966
Dunaegyháza,6323,Bács-Kiskun,,46.84382825,18.947728783483615
Dunatetétlen,6325,Bács-Kiskun,,46.766325499999994,19.12817902113104
Harta,6326,Bács-Kiskun,,46.6892428,19.07888188604355
Dunapataj,6328,Bács-Kiskun,,46.6364843,19.026527593712142
Foktő,6331,Bács-Kiskun,,46.5237565,18.925094021419195
Uszód,6332,Bács-Kiskun,,46.564454600000005,18.927482466995173
Dunaszentbenedek,6333,Bács-Kiskun,,46.5974659,18.891151204892978
Géderlak,6334,Bács-Kiskun,,46.611215200000004,18.90767002631776
Ordas,6335,Bács-Kiskun,,46.6326751,18.92328002902744
Szakmár,6336,Bács-Kiskun,,46.5725307,19.100441025823603
Újtelek,6337,Bács-Kiskun,,46.59537985,19.06251679439214
Homokmégy,6341,Bács-Kiskun,,46.4829994,19.112001598806977
Drágszél,6342,Bács-Kiskun,,46.47523665,19.03802633634003
Miske,6343,Bács-Kiskun,,46.4365796,19.028668201907013
Hajós,6344,Bács-Kiskun,,46.38784735,19.118701929606168
Nemesnádudvar,6345,Bács-Kiskun,,46.339476149999996,19.04644595534223
Sükösd,6346,Bács-Kiskun,,46.3120315,18.979590564703294
Érsekcsanád,6347,Bács-Kiskun,,46.251383700000005,18.961060330673877
Érsekhalma,6348,Bács-Kiskun,,46.331838149999996,19.124798408939846
Bátya,6351,Bács-Kiskun,,46.462434599999995,18.94617504613434
Fajsz,6352,Bács-Kiskun,,46.405884349999994,18.914568857120322
Dusnok,6353,Bács-Kiskun,,46.3851435,18.95958433991303
Zsana,6411,Bács-Kiskun,,46.3971855,19.662414474227948
Balotaszállás,6412,Bács-Kiskun,,46.3240475,19.592878658288345
Kunfehértó,6413,Bács-Kiskun,,46.3548415,19.42133856202559
Pirtó,6414,Bács-Kiskun,,46.508656099999996,19.43233127710097
Kisszállás,6421,Bács-Kiskun,,46.28612055,19.51531500230647
Tompa,6422,Bács-Kiskun,,46.19433085,19.52434636
Kelebia,6423,Bács-Kiskun,,46.2170397,19.634598658073664
Csikéria,6424,Bács-Kiskun,,46.1327146,19.483537004668705
Bácsszőlős,6425,Bács-Kiskun,,46.132535700000005,19.427419149653943
Bácsalmás,6430,Bács-Kiskun,,46.11920585,19.317902490724016
Kunbaja,6435,Bács-Kiskun,,46.070841650000006,19.396450699601132
Jánoshalma,6440,Bács-Kiskun,,46.28709645,19.34312987514032
Kéleshalom,6444,Bács-Kiskun,,46.3526145,19.25750985158394
Borota,6445,Bács-Kiskun,,46.284131349999996,19.208255714255294
Rém,6446,Bács-Kiskun,,46.258716500000006,19.131507664770872
Felsőszentiván,6447,Bács-Kiskun,,46.203293450000004,19.209719729545892
Csávoly,6448,Bács-Kiskun,,46.22330435,19.105293575332574
Mélykút,6449,Bács-Kiskun,,46.2283001,19.397382488411658
Tataháza,6451,Bács-Kiskun,,46.18713305,19.305570385671317
Mátételke,6452,Bács-Kiskun,,46.1662228,19.251347340743827
Bácsbokod,6453,Bács-Kiskun,,46.137024999999994,19.150507524971765
Bácsborsód,6454,Bács-Kiskun,,46.07920675,19.155609841619253
Katymár,6455,Bács-Kiskun,,46.03062385,19.203655240631825
Madaras,6456,Bács-Kiskun,,46.052990449999996,19.307204164959565
Udvari,7066,Tolna,,46.59630575,18.53220665841326
Bácsszentgyörgy,6511,Bács-Kiskun,,45.979291849999996,19.04405565578965
Szeremle,6512,Bács-Kiskun,,46.131731599999995,18.87712056237644
Dunafalva,6513,Bács-Kiskun,,46.06645635,18.798000924567067
vaskút,6521,Bács-Kiskun,,46.10186775,19.014948308534926
Gara,6522,Bács-Kiskun,,46.0295648,19.047768678186145
Csátalja,6523,Bács-Kiskun,,46.046966749999996,18.956739168043267
Dávod,6524,Bács-Kiskun,,45.983536900000004,18.92690612829653
Hercegszántó,6525,Bács-Kiskun,,45.9407769,18.915038241072295
Nagybaracska,6527,Bács-Kiskun,,46.05049595,18.896051323671216
Bátmonostor,6528,Bács-Kiskun,,46.1007558,18.911457337283274
Nagytőke,6612,Csongrád-Csanád,,46.75689075,20.279588621467667
Derekegyház,6621,Csongrád-Csanád,,46.54678800000001,20.374078426885887
Nagymágocs,6622,Csongrád-Csanád,,46.60631585,20.475025009571887
Árpádhalom,6623,Csongrád-Csanád,,46.616274250000004,20.548621571078343
Eperjes,6624,Csongrád-Csanád,,46.71632775,20.530687179069968
Fábiánsebestyén,6625,Csongrád-Csanád,,46.681015349999996,20.438932693287942
Mindszent,6630,Csongrád-Csanád,,46.5251782,20.23423296933917
Szegvár,6635,Csongrád-Csanád,,46.57773975,20.233245712613858
Mártély,6636,Csongrád-Csanád,,46.47096245,20.25303839987473
Harta,6327,Bács-Kiskun,Állampuszta,46.71694229086665,19.068501393230363
Felgyő,6645,Csongrád-Csanád,,46.6453988,20.09609602333275
Tömörkény,6646,Csongrád-Csanád,,46.604407949999995,20.03620065140939
Csanytelek,6647,Csongrád-Csanád,,46.5930847,20.12515165
Szeged,6710,Csongrád-Csanád,,46.21209575,20.068720488517492
Szeged,6720,Csongrád-Csanád,,46.2510146,20.14900547815822
Szeged,6721,Csongrád-Csanád,,46.2579972,20.154075954390876
Szeged,6722,Csongrád-Csanád,,46.250833549999996,20.14143418423607
Szeged,6723,Csongrád-Csanád,,46.26716345,20.161669336764888
Szeged,6724,Csongrád-Csanád,,46.26499585,20.136754005267267
Szeged,6725,Csongrád-Csanád,,46.237036700000004,20.133809208966966
Szeged,6726,Csongrád-Csanád,,46.228948,20.194696789906494
Szeged,6727,Csongrád-Csanád,,46.2835841,20.187985280225625
Szeged,6728,Csongrád-Csanád,,46.29650155,20.12821678
Szeged,6729,Csongrád-Csanád,,46.2260859,20.108250345377996
Szeged,6753,Csongrád-Csanád,,46.27034915,20.21720221
Szeged,6757,Csongrád-Csanád,,46.18237655,20.084870797987854
Szeged,6771,Csongrád-Csanád,,46.1711653,20.236243745343828
Szeged,6791,Csongrád-Csanád,,46.29003495,20.029363798272044
Algyő,6750,Csongrád-Csanád,,46.33635715,20.20694201212605
Újszentiván,6754,Csongrád-Csanád,,46.1637544,20.19824930136823
Kübekháza,6755,Csongrád-Csanád,,46.15937125,20.29926767473681
Tiszasziget,6756,Csongrád-Csanád,,46.173237900000004,20.14239360258166
Röszke,6758,Csongrád-Csanád,,46.19678415,20.00996853155042
Kistelek,6760,Csongrád-Csanád,,46.5025434,19.94234214185441
Sándorfalva,6762,Csongrád-Csanád,,46.37929975,20.12183764746486
Szatymaz,6763,Csongrád-Csanád,,46.3518232,20.04800356891447
Balástya,6764,Csongrád-Csanád,,46.4141621,19.98804341964884
Csengele,6765,Csongrád-Csanád,,46.52056,19.84646757788406
Dóc,6766,Csongrád-Csanád,,46.45140585,20.147917474791814
Ópusztaszer,6767,Csongrád-Csanád,,46.50089765,20.04668192808069
Baks,6768,Csongrád-Csanád,,46.517077549999996,20.12811527679061
Pusztaszer,6769,Csongrád-Csanád,,46.5530625,19.99693572433975
Deszk,6772,Csongrád-Csanád,,46.20936895,20.261130998692977
Klárafalva,6773,Csongrád-Csanád,,46.21864145,20.33237368412977
Ferencszállás,6774,Csongrád-Csanád,,46.2090201,20.35479865748689
Kiszombor,6775,Csongrád-Csanád,,46.181715800000006,20.422662006521506
Domaszék,6781,Csongrád-Csanád,,46.25043815,20.01483738094279
Mórahalom,6782,Csongrád-Csanád,,46.21028935,19.899492649837473
Ásotthalom,6783,Csongrád-Csanád,,46.189763549999995,19.77069839244667
Öttömös,6784,Csongrád-Csanád,,46.2686812,19.675438241827162
Pusztamérges,6785,Csongrád-Csanád,,46.337776500000004,19.69655114195717
Ruzsa,6786,Csongrád-Csanád,,46.29475995,19.759757682471243
Zákányszék,6787,Csongrád-Csanád,,46.278285499999996,19.886006510682876
Zsombó,6792,Csongrád-Csanád,,46.3328329,19.985541713275772
Forráskút,6793,Csongrád-Csanád,,46.3740691,19.909442774472872
Üllés,6794,Csongrád-Csanád,,46.3493449,19.813685592831256
Bordány,6795,Csongrád-Csanád,,46.3195303,19.917824411509233
Székkutas,6821,Csongrád-Csanád,,46.505232250000006,20.532058286095236
Királyhegyes,6911,Csongrád-Csanád,,46.28801915,20.642642983597256
Kövegy,6912,Csongrád-Csanád,,46.2199759,20.687698678111985
Csanádpalota,6913,Csongrád-Csanád,,46.220441550000004,20.734851979651253
Pitvaros,6914,Csongrád-Csanád,,46.319720399999994,20.74063143099513
Csanádalberti,6915,Csongrád-Csanád,,46.3127832,20.703653417789624
Ambrózfalva,6916,Csongrád-Csanád,,46.347992000000005,20.720513972034148
Nagyér,6917,Csongrád-Csanád,,46.3695332,20.718016076157948
Maroslele,6921,Csongrád-Csanád,,46.260934899999995,20.359150127456488
Földeák,6922,Csongrád-Csanád,,46.30903275,20.47787547769668
Óföldeák,6923,Csongrád-Csanád,,46.29597065,20.413868576890458
Apátfalva,6931,Csongrád-Csanád,,46.21132825,20.59049466444816
Magyarcsanád,6932,Csongrád-Csanád,,46.189488600000004,20.64881093411773
Nagylak,6933,Csongrád-Csanád,,46.18232075,20.714773696956748
Sárbogárd,7000,Fejér,,46.8948503,18.63814693456459
Alap,7011,Fejér,,46.83263315,18.703239029524948
Alsószentiván,7012,Fejér,,46.79113925,18.74405701432281
Cece,7013,Fejér,,46.76204285,18.66248439626325
Sáregres,7014,Fejér,,46.78484185,18.583200429944235
Igar,7015,Fejér,,46.76986405,18.474217236874566
Mezőszilas,7017,Fejér,,46.8232044,18.456526845088412
Dunaföldvár,7020,Tolna,,46.7887947,18.876797183370595
Bölcske,7025,Tolna,,46.725606600000006,18.930176681475366
Madocsa,7026,Tolna,,46.6789158,18.945704103628124
Pusztahencse,7038,Tolna,,46.6007311,18.748291892220895
Németkér,7039,Tolna,,46.71998295,18.78611440313832
Vajta,7041,Fejér,,46.71511605,18.658439133633564
Pálfa,7042,Tolna,,46.706002,18.59314068917346
Bikács,7043,Tolna,,46.688493699999995,18.69202867925309
Nagydorog,7044,Tolna,,46.612823399999996,18.653697004389628
Györköny,7045,Tolna,,46.63556725,18.719021403825572
Sárszentlőrinc,7047,Tolna,,46.6245654,18.594929151858917
Kajdacs,7051,Tolna,,46.564614750000004,18.642388027402227
Kölesd,7052,Tolna,,46.5242492,18.593653549820964
Tengelic,7054,Tolna,,46.52745675,18.70176568817876
Szedres,7056,Tolna,,46.45848465,18.689133335343776
Medina,7057,Tolna,,46.4694101,18.624214895481927
Belecska,7061,Tolna,,46.647369749999996,18.424631638462117
Keszőhidegkút,7062,Tolna,,46.6117006,18.431650022586513
Szárazd,7063,Tolna,,46.5677419,18.418246752780554
Gyönk,7064,Tolna,,46.56879895,18.488072405904898
Miszla,7065,Tolna,,46.6267438,18.47685222949965
Varsád,7067,Tolna,,46.51154975,18.526642624999965
Kistormás,7068,Tolna,,46.493632399999996,18.564143903476076
Szakadát,7071,Tolna,,46.540028199999995,18.46915356465699
Diósberény,7072,Tolna,,46.5309176,18.438856712935518
Simontornya,7081,Tolna,,46.7426376,18.553382082695194
Kisszékely,7082,Tolna,,46.679000849999994,18.54555269099508
Tolnanémedi,7083,Tolna,,46.71778465,18.49207032064588
Pincehely,7084,Tolna,,46.69310325,18.409159653746258
Nagyszékely,7085,Tolna,,46.64872535,18.533217749938316
Ozora,7086,Tolna,,46.75058695,18.38432501717262
Fürged,7087,Tolna,,46.73235835,18.307889276136244
Tamási,7090,Tolna,,46.63647605,18.298034291896627
Pári,7091,Tolna,,46.5964204,18.25438833
Nagykónyi,7092,Tolna,,46.60992015,18.19465332966127
Értény,7093,Tolna,,46.61815815,18.14176146079913
Koppányszántó,7094,Tolna,,46.61159805,18.093926031303987
Iregszemcse,7095,Tolna,,46.6901353,18.17520789578333
Nagyszokoly,7097,Tolna,,46.71620335,18.230356641962274
Magyarkeszi,7098,Tolna,,46.75268865,18.222859423605428
Felsőnyék,7099,Tolna,,46.781039,18.29992154031266
Szálka,7121,Tolna,,46.2921207,18.645097920006314
Kakasd,7122,Tolna,,46.3464443,18.588810490858464
Tolna,7130,Tolna,,46.432610600000004,18.77469536663869
Bogyiszló,7132,Tolna,,46.389574350000004,18.855912120950947
Fadd,7133,Tolna,,46.4587055,18.832376058335626
Gerjen,7134,Tolna,,46.48745475,18.886543324997767
Dunaszentgyörgy,7135,Tolna,,46.53771965,18.811592143460246
Fácánkert,7136,Tolna,,46.4568642,18.73897002715212
Bátaszék,7140,Tolna,,46.173796100000004,18.70252120389896
Pörböly,7142,Tolna,,46.203141599999995,18.81213684497778
Őcsény,7143,Tolna,,46.315843650000005,18.756236652645022
Decs,7144,Tolna,,46.265581850000004,18.813328232387185
Sárpilis,7145,Tolna,,46.2463659,18.749967617310254
Várdomb,7146,Tolna,,46.25346125,18.701249499893102
Alsónána,7147,Tolna,,46.2592368,18.661363703024048
Alsónyék,7148,Tolna,,46.20875815,18.756476090505252
Báta,7149,Tolna,,46.15670485,18.795669218496098
Bonyhád,7150,Tolna,,46.33311855,18.523147290012524
Bonyhádvarasd,7158,Tolna,,46.36204065,18.49246572120948
Kisdorog,7159,Tolna,,46.40771805,18.50038163
Cikó,7161,Tolna,,46.254369249999996,18.561701697644466
Grábóc,7162,Tolna,,46.297009200000005,18.60842350360887
Mőcsény,7163,Tolna,,46.248031850000004,18.59911537272884
Bátaapáti,7164,Tolna,,46.2130957,18.593588177045376
Mórágy,7165,Tolna,,46.22926595,18.639561056795472
Sióagárd,7171,Tolna,,46.412800700000005,18.668678092604726
Harc,7172,Tolna,,46.41759235,18.622438265079563
Kéty,7174,Tolna,,46.429005849999996,18.52983581875482
Felsőnána,7175,Tolna,,46.46861135,18.51904086952303
Murga,7176,Tolna,,46.46214725,18.48167366270104
Tevel,7181,Tolna,,46.4252245,18.45679640055461
Závod,7182,Tolna,,46.405007850000004,18.42233222539278
Kisvejke,7183,Tolna,,46.3709281,18.404108721045198
Lengyel,7184,Tolna,,46.38564495,18.367516182498782
Mucsfa,7185,Tolna,,46.35412155,18.421334001750186
Aparhant,7186,Tolna,,46.34644995,18.467759108855905
Szárász,7188,Tolna,,46.34470305,18.373096571340803
Hőgyész,7191,Tolna,,46.5073579,18.41265418538839
Szakály,7192,Tolna,,46.52745045,18.365216249991548
Regöly,7193,Tolna,,46.59391315,18.369081250164307
Kalaznó,7194,Tolna,,46.49229475,18.47719168818631
Mucsi,7195,Tolna,,46.43185095,18.39359961996466
Dalmand,7211,Tolna,,46.481952899999996,18.178859087640042
Kocsola,7212,Tolna,,46.538684,18.196536469075312
Szakcs,7213,Tolna,,46.5365475,18.119391366918165
Várong,7214,Tolna,,46.531805199999994,18.053045969966412
Nak,7215,Tolna,,46.47381005,18.08497450107648
Dúzs,7224,Tolna,,46.475181,18.37983011997117
Csibrák,7225,Tolna,,46.452944349999996,18.355742049020016
Kurd,7226,Tolna,,46.443332600000005,18.31046741047456
Gyulaj,7227,Tolna,,46.52713015,18.284174853357424
Döbrököz,7228,Tolna,,46.44503205,18.230841683619317
Kapospula,7251,Tolna,,46.417363449999996,18.086440877662824
Attala,7252,Tolna,,46.39463145,18.043909382721047
Csoma,7253,Somogy,,46.3624202,18.04209619
Nagyberki,7255,Somogy,,46.34958265,18.019705980441287
Kercseliget,7256,Somogy,,46.329867449999995,18.06378398
Mosdós,7257,Somogy,,46.350562249999996,17.989915291361196
Kaposkeresztúr,7258,Somogy,,46.3432144,17.961412328270868
Kaposhomok,7261,Somogy,,46.36145635,17.922183026290462
Fonó,7271,Somogy,,46.39344975,17.954090570374404
Gölle,7272,Somogy,,46.45094,18.019602790240782
Büssü,7273,Somogy,,46.4488698,17.95896379548524
Kazsok,7274,Somogy,,46.4771107,17.98043647147709
Igal,7275,Somogy,,46.5304589,17.94879103628407
Somogyszil,7276,Somogy,,46.52676035,18.006838767277372
Kisgyalán,7279,Somogy,,46.4121272,17.98290407384146
Bonnya,7281,Somogy,,46.5936674,17.913545842844115
Kisbárapáti,7282,Somogy,,46.61209345,17.861949507179958
Somogyacsa,7283,Somogy,,46.591231949999994,17.964740771528753
Somogydöröcske,7284,Somogy,,46.591231949999994,18.006316915633025
Törökkoppány,7285,Somogy,,46.595894200000004,18.053559320322627
Mánfa,7304,Baranya,,46.1574494,18.24456375999576
Mecsekpölöske,7305,Baranya,,46.2217663,18.21165830647663
Liget,7331,Baranya,,46.23517545,18.190469775593822
Magyaregregy,7332,Baranya,,46.243385950000004,18.29645598023062
Vékény,7333,Baranya,,46.25613765,18.337230657753643
Köblény,7334,Baranya,,46.29025875000001,18.294036840869225
Csikóstőttős,7341,Tolna,,46.34829055,18.17592826225664
Mágocs,7342,Baranya,,46.3650519,18.224745068461168
Nagyhajmás,7343,Baranya,,46.378640149999995,18.28209087893879
Mekényes,7344,Baranya,,46.3889217,18.318632348154935
Alsómocsolád,7345,Baranya,,46.30746645,18.238805189356803
Bikal,7346,Baranya,,46.3298395,18.278660461932514
Egyházaskozár,7347,Baranya,,46.3446125,18.328180825398135
Kárász,7333,Baranya,,46.266862300822034,18.319129444874036
Szorosad,7285,Somogy,,46.601251654280084,18.023802070198638
Szalatnak,7334,Baranya,,46.290314180969155,18.28094708411417
Tolna,7131,Tolna,Mözs,46.41171957842012,18.754219777707743
Bonyhád,7187,Tolna,Majos,46.301271365256895,18.49233770274837
Hegyhátmaróc,7348,Baranya,,46.30741395,18.345941096095594
Szászvár,7349,Baranya,,46.2625697,18.36919518652967
Máza,7351,Baranya,,46.26012945,18.398975920506363
Györe,7352,Tolna,,46.31281035,18.389451107632254
Izmény,7353,Tolna,,46.3210103,18.423813554818437
Váralja,7354,Tolna,,46.2563911,18.42726753130716
Nagymányok,7355,Tolna,,46.28005855,18.456919479364227
Kismányok,7356,Tolna,,46.28661545,18.473140742472875
Jágónak,7357,Tolna,,46.325106149999996,18.09354064
Kaposszekcső,7361,Tolna,,46.34011565,18.12860661235137
Vásárosdombó,7362,Baranya,,46.2990225,18.15600058580432
Sásd,7370,Baranya,,46.2576421,18.102485216824462
Kisvaszar,7381,Baranya,,46.27446985,18.20753625968628
Ág,7381,Baranya,,46.27446985,18.20753625968628
Szágy,7383,Baranya,,46.22037015,17.956851004374677
Baranyajenő,7384,Baranya,,46.27858565,18.04181528301474
Mindszentgodisa,7391,Baranya,,46.215801,18.06644978
Bakóca,7393,Baranya,,46.2034137,17.99810539
Magyarhertelend,7394,Baranya,,46.1879807,18.158112536024184
Magyarszék,7396,Baranya,,46.19406240000001,18.199183439860796
Juta,7431,Somogy,,46.4086317,17.736646352193844
Hetes,7432,Somogy,,46.426261049999994,17.695479737205332
Mezőcsokonya,7434,Somogy,,46.43972915,17.648127249537374
Somogysárd,7435,Somogy,,46.434916599999994,17.598113709998415
Újvárfalva,7436,Somogy,,46.449093649999995,17.560610746506043
Bodrog,7439,Somogy,,46.486947799999996,17.652460692711593
Magyaregres,7441,Somogy,,46.46733625,17.77519776168023
Várda,7442,Somogy,,46.45656674999999,17.730899763213017
Somogyjád,7443,Somogy,,46.4969114,17.731881803402093
Osztopán,7444,Somogy,,46.52267245,17.672329758277165
Somogyaszaló,7452,Somogy,,46.45463155,17.81571721643035
Mernye,7453,Somogy,,46.5298587,17.820400656577874
Somodor,7454,Somogy,,46.46458655,17.862229485547452
Somogygeszti,7455,Somogy,,46.5258508,17.78099826200166
Felsőmocsolád,7456,Somogy,,46.5684086,17.823739898445552
Ecseny,7457,Somogy,,46.547981050000004,17.854478596856737
Polány,7458,Somogy,,46.567363650000004,17.763152518506516
Orci,7461,Somogy,,46.41038835,17.885127681553595
Magyaratád,7463,Somogy,,46.46535165,17.908640268964184
Ráksi,7464,Somogy,,46.5332942,17.90750138121504
Szentgáloskér,7465,Somogy,,46.527866700000004,17.879448572853207
Zimány,7471,Somogy,,46.42341515,17.90839098106736
Cserénfa,7472,Somogy,,46.317507449999994,17.885615348768155
Gálosfa,7473,Somogy,,46.261763599999995,17.891271150370947
Simonfa,7474,Somogy,,46.28850015,17.825347998596893
Bőszénfa,7475,Somogy,,46.254350200000005,17.78373744066844
Kaposszerdahely,7476,Somogy,,46.3241219,17.758442984189323
Szilvásszentmárton,7477,Somogy,,46.2696414,17.72402330178774
Bárdudvarnok,7478,Somogy,,46.2937113,17.665819029715813
Sántos,7479,Somogy,,46.3436105,17.868876053257253
Nagyatád,7500,Somogy,,46.2075587,17.366632457956534
Ötvöskónyi,7511,Somogy,,46.286286700000005,17.35887460142441
Mike,7512,Somogy,,46.233867700000005,17.54344275979741
Rinyaszentkirály,7513,Somogy,,46.15262025,17.38586089272308
Tarany,7514,Somogy,,46.18511155,17.28434761273762
Somogyudvarhely,7515,Somogy,,46.1769094,17.191527892690665
Berzence,7516,Somogy,,46.20748475,17.134587122489684
Bolhás,7517,Somogy,,46.25810065,17.25824443301665
Kaposmérő,7521,Somogy,,46.3598825,17.705906307328593
Kaposújlak,7522,Somogy,,46.365401750000004,17.73497621082665
Kaposfő,7523,Somogy,,46.35846135,17.654722540996012
Kiskorpád,7524,Somogy,,46.354210050000006,17.600589870442846
Jákó,7525,Somogy,,46.339955950000004,17.54481250270761
Csököly,7526,Somogy,,46.2964158,17.550183004926403
Gige,7527,Somogy,,46.297028,17.61175912609503
Kőkút,7530,Somogy,,46.20731275,17.57484329194761
Hencse,7532,Somogy,,46.1979271,17.612958800324805
Visnye,7533,Somogy,,46.19634135,17.67198132
Lad,7535,Somogy,,46.1371674,17.628152078361545
Patosfa,7536,Somogy,,46.13556415,17.674018423576943
Homokszentgyörgy,7537,Somogy,,46.114858,17.545905601933228
Kálmáncsa,7538,Somogy,,46.080961,17.619546814210814
Szulok,7539,Somogy,,46.053008750000004,17.543756932066685
Kutas,7541,Somogy,,46.3542234,17.440751585287174
Kisbajom,7542,Somogy,,46.31388815,17.506219837320337
Beleg,7543,Somogy,,46.3127441,17.438750104081734
Szabás,7544,Somogy,,46.279899,17.422435154297553
Nagykorpád,7545,Somogy,,46.26733205,17.47755081769798
Lábod,7551,Somogy,,46.2093354,17.46321044613594
Rinyabesenyő,7552,Somogy,,46.16419315,17.541948518018792
Görgeteg,7553,Somogy,,46.153484250000005,17.45916124789078
Csokonyavisonta,7555,Somogy,,46.0652678,17.46633933575673
Rinyaújlak,7556,Somogy,,46.0954033,17.406031097225927
Tormás,7383,Baranya,,46.23064912,17.993703350805042
Zselickislak,7400,Somogy,,46.31348990757718,17.79881381044487
Tékes,7381,Baranya,,46.286595057029096,18.174416614140405
Kishajmás,7391,Baranya,,46.19990463156432,18.08093328768908
Bodolyabér,7394,Baranya,,46.19686944186112,18.11866360003857
Baranyaszentgyörgy,7383,Baranya,,46.246034959326394,18.011667473427245
Kisasszond,7523,Somogy,,46.33080902918974,17.636236265064813
Hajmás,7473,Somogy,,46.27656722383561,17.910941132914093
Szenna,7477,Somogy,,46.30650017285645,17.72914493613297
Kadarkút,7530,Somogy,,46.231830487494435,17.618991949999213
Zselickisfalud,7477,Somogy,,46.27334391832414,17.734455489204116
Csombárd,7432,Somogy,,46.45248943807042,17.670496141609746
Hedrehely,7533,Somogy,,46.19669837630198,17.649114618467806
Gödre,7386,Baranya,Gödrekeresztúr,46.29183792720439,17.970656768749134
Barcs,7557,Somogy,Somogytarnóca,46.00779944409666,17.452834189363507
Kaposvár,7451,Somogy,Kaposfüred,46.41315106,17.77900591344798
Gödre,7385,Baranya,Gödreszentmárton  ,46.272662072526934,17.995491629744347
Nagybajom,7561,Somogy,,46.42409055,17.514378993642666
Segesd,7562,Somogy,,46.34818,17.347183853645507
Somogyszob,7563,Somogy,,46.29934645,17.289639462974748
Kaszó,7564,Somogy,,46.31686475,17.228686449191507
Barcs,7570,Somogy,,45.98092035,17.46544961703135
Péterhida,7582,Somogy,,46.00780775,17.370997116729782
Babócsa,7584,Somogy,,46.028597500000004,17.344540486389647
Háromfa,7585,Somogy,,46.107258900000005,17.33156137847023
Bolhó,7586,Somogy,,46.0351095,17.291997071581044
Heresznye,7587,Somogy,,46.065816549999994,17.28075231852852
Vízvár,7588,Somogy,,46.10076685,17.249200606844408
Bélavár,7589,Somogy,,46.1288379,17.216054676206088
Pécs,7621,Baranya,,46.076972850000004,18.22894242068878
Pécs,7622,Baranya,,46.0675953,18.234466918162013
Pécs,7623,Baranya,,46.0675953,18.217068364508897
Pécs,7624,Baranya,,46.079595850000004,18.21500078869626
Pécs,7625,Baranya,,46.0848024,18.23120834236122
Pécs,7626,Baranya,,46.07839225,18.24319207084801
Pécs,7627,Baranya,,46.11066505,18.238453092135764
Pécs,7628,Baranya,,46.11577345,18.278038703389406
Pécs,7629,Baranya,,46.09395535,18.265287983181494
Pécs,7630,Baranya,,46.0717512,18.27171546813095
Pécs,7631,Baranya,,46.03889925,18.253990765983385
Pécs,7632,Baranya,,46.046679,18.21473815093819
Pécs,7633,Baranya,,46.06532205,18.198837280947785
Pécs,7634,Baranya,,46.0698675,18.16471335698114
Pécs,7635,Baranya,,46.10585775,18.17932192506632
Pécs,7636,Baranya,,46.0189119,18.220339301952066
Pécs,7639,Baranya,,46.00537405,18.20596095853265
Pécs,7668,Baranya,,46.0139324,18.186609050711553
Pécs,7691,Baranya,,46.1312754,18.31588119582711
Pécs,7693,Baranya,,46.114218449999996,18.335404062108243
Szellő,7661,Baranya,,46.085067800000004,18.46117384091123
Máriakéménd,7663,Baranya,,46.0374604,18.465023550354772
Berkesd,7664,Baranya,,46.08247995,18.396697358091934
Pogány,7666,Baranya,,45.992227,18.25098838917656
Keszü,7668,Baranya,,46.0139324,18.186609050711553
Zók,7671,Baranya,,46.0170509,18.10027266
Boda,7672,Baranya,,46.079343550000004,18.046447297359098
Kővágószőlős,7673,Baranya,,46.0844483,18.133650428204728
Bakonya,7675,Baranya,,46.086344249999996,18.08794198274302
Orfű,7677,Baranya,,46.14731395,18.161756964656696
Kovácsszénája,7678,Baranya,,46.1594908,18.09098214756566
Szentkatalin,7681,Baranya,,46.15049795,18.031156745640118
Bükkösd,7682,Baranya,,46.12123455,18.00011749785313
Helesfa,7683,Baranya,,46.0972035,17.974172153651246
Hosszúhetény,7694,Baranya,,46.17469175,18.347027028708823
Mecseknádasd,7695,Baranya,,46.23713295,18.47977595245957
Hidas,7696,Baranya,,46.271607,18.499086022716504
Bár,7711,Baranya,,46.056018550000005,18.717451878859837
Dunaszekcső,7712,Baranya,,46.09095015,18.732127883749442
Homorúd,7716,Baranya,,45.9618569,18.806435904885817
Kölked,7717,Baranya,,45.9228171,18.745943336217756
Udvar,7718,Baranya,,45.90743595,18.649256103892583
Pécsvárad,7720,Baranya,,46.1573434,18.41965676068721
Erdősmecske,7723,Baranya,,46.1790797,18.520959158402814
Feked,7724,Baranya,,46.1742094,18.560089692253392
Szebény,7725,Baranya,,46.12645185,18.590976742335016
Véménd,7726,Baranya,,46.1619596,18.615640461484098
Palotabozsok,7727,Baranya,,46.11963925,18.649710112395354
Somberek,7728,Baranya,,46.07161605,18.65080361344451
Nagypall,7731,Baranya,,46.1371611,18.459338087779813
Fazekasboda,7732,Baranya,,46.124647550000006,18.486120426639943
Geresdlak,7733,Baranya,,46.10739445,18.523816723584808
Himesháza,7735,Baranya,,46.08886985,18.568104840412925
Székelyszabar,7737,Baranya,,46.045423549999995,18.608014475492823
Nagykozár,7741,Baranya,,46.06298875,18.323800831419156
Bogád,7742,Baranya,,46.0879317,18.31554845423504
Romonya,7743,Baranya,,46.079154900000006,18.351958710931367
Ellend,7744,Baranya,,46.05656955,18.376288297932597
Olasz,7745,Baranya,,46.0204456,18.413284066217038
Belvárdgyula,7747,Baranya,,45.9890262,18.40579644035867
Szederkény,7751,Baranya,,45.999195349999994,18.462060081528925
Versend,7752,Baranya,,45.999195349999994,18.50663571819743
Szajk,7753,Baranya,,45.988065,18.541196071648812
Bóly,7754,Baranya,,45.95269235,18.527805066888213
Töttös,7755,Baranya,,45.90841025,18.537166148634938
Borjád,7756,Baranya,,45.932230450000006,18.464097731077047
Babarc,7757,Baranya,,46.0183515,18.5414122
Lánycsók,7759,Baranya,,46.0175904,18.596826774144496
Kökény,7639,Baranya,,45.99943281271529,18.205700556094857
Bicsérd,7671,Baranya,,46.02114142389982,18.077849319397163
Szilágy,7664,Baranya,,46.100671137736576,18.406606550594294
Gyód,7668,Baranya,,45.99791810094155,18.178173052498945
Cserkút,7673,Baranya,,46.07552382569674,18.134009569860027
Aranyosgadány,7671,Baranya,,46.00770732896389,18.118891811082243
Okorvölgy,7681,Baranya,,46.15219772363552,18.060121537392114
Cserdi,7683,Baranya,,46.08054784151407,17.991226097066406
Kővágótöttös,7675,Baranya,,46.08599492852637,18.10027858
Abaliget,7678,Baranya,,46.14259519747579,18.115371975935446
Dinnyeberki,7683,Baranya,,46.097253475322404,17.956298787691107
Óbánya,7695,Baranya,,46.22007921154272,18.41339555303027
Lovászhetény,7720,Baranya,,46.15716200917693,18.473404073646343
Apátvarasd,7720,Baranya,,46.18524882924248,18.479671431009766
Ófalu,7695,Baranya,,46.22115422314752,18.53384394203737
Martonfa,7720,Baranya,,46.11620696912961,18.373043900411208
Erdősmárok,7735,Baranya,,46.05527843407599,18.545723909667533
Maráza,7733,Baranya,,46.076696805749044,18.510300795248323
Szűr,7735,Baranya,,46.098883587246796,18.581229057869116
Hásságy,7745,Baranya,,46.03294476803215,18.38879013986383
Kisbudmér,7756,Baranya,,45.913159439089995,18.446802897656802
Liptód,7757,Baranya,,46.044144971343115,18.515705808770416
Monyoród,7751,Baranya,,46.01149226813678,18.478225974054173
Pócsa,7756,Baranya,,45.90997494998275,18.470257739952608
Nagybudmér,7756,Baranya,,45.93773598148849,18.44439577113315
Mohács,7714,Baranya,Újmohács,46.003933294433764,18.707561111292694
Mohács,7715,Baranya,Sárhát,46.0215514,18.797788652509063
Kozármisleny,7761,Baranya,,46.03577405,18.29218883866291
Pécsudvard,7762,Baranya,,46.001230199999995,18.277766671596574
Egerág,7763,Baranya,,45.984655599999996,18.308503624811827
Pécsdevecser,7766,Baranya,,45.9463314,18.376647388101944
Vokány,7768,Baranya,,45.9197748,18.319852289929145
Palkonya,7771,Baranya,,45.902168450000005,18.386185843779348
Ivánbattyán,7772,Baranya,,45.89672675,18.41224430607733
Villány,7773,Baranya,,45.86563355,18.455469862485863
Márok,7774,Baranya,,45.86834385,18.52157440153446
Magyarbóly,7775,Baranya,,45.82854155,18.51827547888125
Sárok,7781,Baranya,,45.8447525,18.583988468882694
Bezedek,7782,Baranya,,45.8688963,18.602166822349965
Majs,7783,Baranya,,45.90320345,18.60192244433526
Nagynyárád,7784,Baranya,,45.9555244,18.59753687902618
Sátorhely,7785,Baranya,,45.93058895,18.657671012179136
Siklós,7800,Baranya,,45.85179195,18.31333223883246
Szalánta,7811,Baranya,,45.936090050000004,18.241934151775858
Garé,7812,Baranya,,45.9215515,18.205137661185635
Szava,7813,Baranya,,45.9014701,18.18168178368935
Ócsárd,7814,Baranya,,45.92836,18.15364997499408
Harkány,7815,Baranya,,45.85345555,18.221745301512527
Diósviszló,7817,Baranya,,45.87299515,18.15042297098253
Nagyharsány,7822,Baranya,,45.84777855,18.40582155709494
Kistapolca,7823,Baranya,,45.8187214,18.387533633196185
Egyházasharaszti,7824,Baranya,,45.79391915,18.333986093282956
Old,7825,Baranya,,45.776316449999996,18.352464870367324
Alsószentmárton,7826,Baranya,,45.786204049999995,18.30425094795148
Beremend,7827,Baranya,,45.78212795,18.42687282439472
Pellérd,7831,Baranya,,46.0219558,18.15255389465893
Görcsöny,7833,Baranya,,45.96625895,18.145707428566954
Baksa,7834,Baranya,,45.94427745,18.075358551159244
Bogádmindszent,7836,Baranya,,45.9193948,18.031793182011164
Hegyszentmárton,7837,Baranya,,45.902727999999996,18.08275921004607
Vajszló,7838,Baranya,,45.842095099999995,17.967569375508237
Zaláta,7839,Baranya,,45.8104679,17.89241496695093
Baranyahídvég,7841,Baranya,,45.83254195,18.032794581645227
Szaporca,7843,Baranya,,45.8095614,18.095222347852424
Drávacsepely,7846,Baranya,,45.830270600000006,18.137950676977972
Kovácshida,7847,Baranya,,45.83921195,18.181191826945962
Drávacsehi,7849,Baranya,,45.806164499999994,18.157470651486207
Drávapalkonya,7850,Baranya,,45.79920115,18.179017896162836
Drávaszabolcs,7851,Baranya,,45.78979015,18.217034750718284
Gordisa,7853,Baranya,,45.7927362,18.24253670262719
Matty,7854,Baranya,,45.790254000000004,18.270251255819986
Szigetvár,7900,Baranya,,46.0591002,17.83243896405143
Nyugotszenterzsébet,7912,Baranya,,46.07104355,17.914870951645778
Szentdénes,7913,Baranya,,46.0012501,17.927714821555995
Bánfa,7914,Baranya,,45.994751,17.88497434294721
Szentegát,7915,Baranya,,45.981359499999996,17.82007790783441
Lakócsa,7918,Baranya,,45.8871802,17.681534317086715
Somogyhatvan,7921,Baranya,,46.12820985,17.696305167677682
Somogyapáti,7922,Baranya,,46.0948251,17.749517957051815
Patapoklosi,7923,Baranya,,46.0747015,17.755149281326055
Somogyviszló,7924,Baranya,,46.1219044,17.75859456299731
Somogyhárságy,7925,Baranya,,46.18045845,17.76955808054142
Vásárosbéc,7926,Baranya,,46.1629972,17.715974643509362
Mozsgó,7932,Baranya,,46.114023599999996,17.856202285841036
Almamellék,7934,Baranya,,46.1800986,17.88482519365143
Szemely,7763,Baranya,,46.00805220292475,18.32574276642979
Lothárd,7761,Baranya,,46.00133443010452,18.35355319964765
Áta,7763,Baranya,,45.93639635600116,18.298594702441022
Kiskassa,7766,Baranya,,45.953201455339816,18.39840796296375
Újpetre,7766,Baranya,,45.934045182893094,18.36354141
Magyarsarlós,7761,Baranya,,46.04111355,18.35274419522811
Kisherend,7763,Baranya,,45.96558354,18.330805903447033
Szőkéd,7763,Baranya,,45.96419458039839,18.28879244845497
Kistótfalu,7768,Baranya,,45.90789363866285,18.30946662340785
Villánykövesd,7772,Baranya,,45.88216265708244,18.42569779952182
Illocska,7775,Baranya,,45.80033967075055,18.523125498490717
Lapáncsa,7775,Baranya,,45.818610403798004,18.49631395329766
Kisharsány,7800,Baranya,,45.85955439774461,18.362760352748147
Ivándárda,7781,Baranya,,45.83131458,18.59206249174534
Besence,7838,Baranya,,45.89560031,17.965482065879083
Nagycsány,7838,Baranya,,45.871773411842305,17.943932068173385
Adorjás,7841,Baranya,,45.850847091235856,18.06181182531469
Szőke,7833,Baranya,,45.960186761194784,18.187035570104715
Vejti,7838,Baranya,,45.80943951876246,17.96847040363988
Lúzsok,7838,Baranya,,45.83865727008082,17.944885809498697
Téseny,7834,Baranya,,45.95135540877423,18.047856493911734
Piskó,7838,Baranya,,45.811222095489384,17.938472772458372
Botykapeterd,7900,Baranya,,46.049836175983096,17.866274272632065
Nagypeterd,7912,Baranya,,46.045929135505446,17.898220720425766
Csertő,7900,Baranya,,46.09321543,17.803741250936724
Tésenfa,7843,Baranya,,45.81241437,18.11776298004908
Ipacsfa,7847,Baranya,,45.83437521972994,18.20562969
Magyarlukafa,7925,Baranya,,46.16912326331837,17.75658002165217
Katádfa,7914,Baranya,,45.99703441856091,17.869195213891768
Nagyváty,7912,Baranya,,46.06159557049404,17.932253513972427
Rózsafa,7914,Baranya,,46.02229872131888,17.88896693439638
Drávaszerdahely,7847,Baranya,,45.836244477225016,18.163524019805454
Basal,7923,Baranya,,46.07341295523086,17.78326940652172
Tótújfalu,7918,Baranya,,45.90254075860095,17.644275035854065
Dencsháza,7915,Baranya,,45.993521556946874,17.834809194723096
Szentborbás,7918,Baranya,,45.874649610025386,17.659927964221794
Almáskeresztúr,7932,Baranya,,46.11978271,17.89584647609441
Szulimán,7932,Baranya,,46.12615759354181,17.805415470351047
Szentlászló,7936,Baranya,,46.157722,17.824205798043725
Boldogasszonyfa,7937,Baranya,,46.1954245,17.829227111165643
Szentlőrinc,7940,Baranya,,46.046764350000004,17.99132668849884
Gerde,7951,Baranya,,45.993405949999996,18.04381426329978
Királyegyháza,7953,Baranya,,45.9904058,17.965875965038734
Magyartelek,7954,Baranya,,45.9452875,17.97925321
Okorág,7957,Baranya,,45.935688850000005,17.880200999211212
Kákics,7958,Baranya,,45.9041098,17.85167958073977
Sellye,7960,Baranya,,45.84000065,17.838360874234297
Drávaiványi,7960,Baranya,,45.84000065,17.838360874234297
Csányoszró,7964,Baranya,,45.8802857,17.90703328246045
Bogdása,7966,Baranya,,45.8854862,17.79986688
Drávafok,7967,Baranya,,45.867815750000005,17.75252521389626
Felsőszentmárton,7968,Baranya,,45.85181085,17.696795830382598
Hobol,7971,Baranya,,46.01351235,17.78045527692045
Gyöngyösmellék,7972,Baranya,,45.991329300000004,17.694405004360206
Bürüs,7973,Baranya,,45.9567959,17.76430655947629
Kétújfalu,7975,Baranya,,45.9653626,17.71483117957989
Zádor,7976,Baranya,,45.970658799999995,17.658816269333222
Kastélyosdombó,7977,Baranya,,45.95035025,17.614936639602824
Drávatamási,7979,Baranya,,45.941733400000004,17.55693608392685
Pettend,7980,Baranya,,46.0020219,17.700728754805272
Tótszentgyörgy,7981,Baranya,,46.05200255,17.73033054374141
Nagydobsza,7985,Baranya,,46.0347168,17.66536755011473
Istvándi,7987,Baranya,,46.0205579,17.599091268621457
Darány,7988,Baranya,,45.98333275,17.58944243680368
Csór,8041,Fejér,,47.203577949999996,18.27670761305351
Moha,8042,Fejér,,47.2424892,18.33344947
Iszkaszentgyörgy,8043,Fejér,,47.2403856,18.28242359184587
Kincsesbánya,8044,Fejér,,47.266734299999996,18.265604828371075
Isztimér,8045,Fejér,,47.275883699999994,18.159987392848265
Bakonykúti,8046,Fejér,,47.241887750000004,18.200207764174316
Sárkeresztes,8051,Fejér,,47.25528325,18.374060899193445
Fehérvárcsurgó,8052,Fejér,,47.2941668,18.252058071555428
Bodajk,8053,Fejér,,47.3289108,18.20880481466433
Balinka,8055,Fejér,,47.3114562,18.184227773740574
Bakonycsernye,8056,Fejér,,47.31947785,18.099084457077737
Mór,8060,Fejér,,47.39386475,18.180792897055593
Nagyveleg,8065,Fejér,,47.364366700000005,18.107236981949477
Pusztavám,8066,Fejér,,47.4294632,18.228060374794246
Magyaralmás,8071,Fejér,,47.298011849999995,18.338992372509132
Söréd,8072,Fejér,,47.32349925,18.282786351885886
Csákberény,8073,Fejér,,47.351743799999994,18.32755572848069
Csókakő,8074,Fejér,,47.35450755,18.26205213874549
Bodmér,8080,Fejér,,47.450930400000004,18.533632726136858
Zámoly,8081,Fejér,,47.309827,18.405580018316343
Gánt,8082,Fejér,,47.4170407,18.382217035798792
Csákvár,8083,Fejér,,47.37697495,18.465466038850664
Vértesboglár,8085,Fejér,,47.4343591,18.515316448560146
Felcsút,8086,Fejér,,47.4531405,18.589705662569095
Alcsútdoboz,8087,Fejér,,47.42673795,18.599529995884666
Tabajd,8088,Fejér,,47.399108350000006,18.63528830502679
Vértesacsa,8089,Fejér,,47.374597699999995,18.57446393214338
Pátka,8092,Fejér,,47.27676075,18.482760887667364
Lovasberény,8093,Fejér,,47.309052550000004,18.553091045684468
Pákozd,8095,Fejér,,47.21823085,18.540071473291256
Sukoró,8096,Fejér,,47.2340377,18.603927614842103
Nadap,8097,Fejér,,47.264640299999996,18.62281307062905
Pétfürdő,8105,Veszprém,,47.170920949999996,18.135843857684744
Tés,8109,Veszprém,,47.24670115,18.041685291003816
Seregélyes,8111,Fejér,,47.1094632,18.590274635748973
Zichyújfalu,8112,Fejér,,47.1306591,18.67793791511331
Tác,8121,Fejér,,47.08107845,18.42156785565239
Csősz,8122,Fejér,,47.04165655,18.40436283262386
Soponya,8123,Fejér,,47.00917005,18.42875321056229
Káloz,8124,Fejér,,46.9484379,18.47726532
Sárkeresztúr,8125,Fejér,,46.9975307,18.564463064263403
Sárszentágota,8126,Fejér,,46.951198149999996,18.573969899531008
Enying,8130,Fejér,,46.91456735,18.257305449103697
Lepsény,8132,Fejér,,46.97537255,18.247866792895362
Mezőszentgyörgy,8133,Fejér,,46.98035285,18.31347394457724
Mátyásdomb,8134,Fejér,,46.9263778,18.336085827755088
Dég,8135,Fejér,,46.8799996,18.426800915433297
Lajoskomárom,8136,Fejér,,46.8347013,18.351192817149737
Mezőkomárom,8137,Fejér,,46.83868925,18.288900368175465
Szabadhídvég,8138,Fejér,,46.82263345,18.245846552859376
Úrhida,8142,Fejér,,47.12387645,18.30642491
Sárszentmihály,8143,Fejér,,47.162538850000004,18.33818487
Sárkeszi,8144,Fejér,,47.1538503,18.279615684410935
Nádasdladány,8145,Fejér,,47.1344732,18.24913728
Jenő,8146,Fejér,,47.1027,18.25223776335576
Szabadbattyán,8151,Fejér,,47.1152161,18.366905252982782
Kőszárhegy,8152,Fejér,,47.094315449999996,18.337732168734924
Polgárdi,8154,Fejér,,47.057916649999996,18.31529573188938
Kisláng,8156,Fejér,,46.9524043,18.392544438988764
Székesfehérvár,8019,Fejér,Börgönd,47.165646298453076,18.521756036595587
Balinka,8054,Fejér,Eszény,47.29765831385498,18.128890402531233
Enying,8131,Fejér,Balatonbozsok,46.95454741387553,18.223382633743412
Füle,8157,Fejér,,47.057849000000004,18.238563048664133
Ősi,8161,Veszprém,,47.126102450000005,18.194129457493624
Küngös,8162,Veszprém,,47.0696735,18.163859565554205
Csajág,8163,Veszprém,,47.04999645,18.19549941561019
Balatonfőkajár,8164,Fejér,,47.01019755,18.203475991145808
Balatonvilágos,8171,Somogy,,46.971747199999996,18.139283930947812
Balatonakarattya,8172,Veszprém,,47.0086436,18.14526521435036
Balatonkenese,8174,Veszprém,,47.031380549999994,18.08379623
Balatonfűzfő,8175,Veszprém,,47.064133049999995,18.03966700293609
Berhida,8181,Veszprém,,47.11260995,18.14557110193055
Papkeszi,8183,Veszprém,,47.0837419,18.09603289609079
Öskü,8191,Veszprém,,47.185628949999995,18.04765272941946
Hajmáskér,8192,Veszprém,,47.16180355,18.001923374683138
Sóly,8193,Veszprém,,47.13261835,18.038766346472414
Vilonya,8194,Veszprém,,47.1205987,18.07143712
Királyszentistván,8195,Veszprém,,47.10709765,18.037375382349353
Litér,8196,Veszprém,,47.0908363,18.007435849524214
Veszprém,8200,Veszprém,,47.1269505,17.899826007133587
Balatonalmádi,8220,Veszprém,,47.0142146,18.023671015650383
Szentkirályszabadja,8225,Veszprém,,47.0561066,17.96043079
Alsóörs,8226,Veszprém,,46.97420865,17.991040102630546
Felsőörs,8227,Veszprém,,47.02188565,17.948741277851518
Lovas,8228,Veszprém,,47.00141295,17.942536798645364
Csopak,8229,Veszprém,,46.9711954,17.92414011351293
Balatonfüred,8230,Veszprém,,46.9616501,17.87657162176233
Balatonszőlős,8233,Veszprém,,46.9696455,17.824205941668872
Tihany,8237,Veszprém,,46.904944549999996,17.869451633113748
Aszófő,8241,Veszprém,,46.931823800000004,17.832888796574668
Balatonudvari,8242,Veszprém,,46.8959708,17.811928658974267
Balatonakali,8243,Veszprém,,46.868133099999994,17.760483465091664
Dörgicse,8244,Veszprém,,46.9200977,17.733537187790446
Pécsely,8245,Veszprém,,46.951635350000004,17.77953205409972
Tótvázsony,8246,Veszprém,,47.0296379,17.78985844481454
Hidegkút,8247,Veszprém,,47.012844900000005,17.84223366
Nemesvámos,8248,Veszprém,,47.0532163,17.860355024157467
Zánka,8251,Veszprém,,46.8677036,17.706926169382996
Balatonszepezd,8252,Veszprém,,46.8415684,17.682334514192085
Révfülöp,8253,Veszprém,,46.818827,17.63842393376132
Kővágóörs,8254,Veszprém,,46.85205035,17.590372293161103
Ábrahámhegy,8256,Veszprém,,46.811258949999996,17.567238545269767
Badacsonytomaj,8258,Veszprém,,46.79847675,17.511815358912717
Badacsonytördemic,8263,Veszprém,,46.77092805,17.472373912561693
Szigliget,8264,Veszprém,,46.7752174,17.439074089792506
Hegymagas,8265,Veszprém,,46.8261924,17.44610204
Mencshely,8271,Veszprém,,46.951441700000004,17.71641330112896
Balatoncsicsó,8272,Veszprém,,46.92703805,17.670438248989942
Monoszló,8273,Veszprém,,46.9026592,17.641959388792916
Köveskál,8274,Veszprém,,46.88513895,17.612451328188232
Balatonhenye,8275,Veszprém,,46.917316650000004,17.612927574554007
Szentbékkálla,8281,Veszprém,,46.8869301,17.560718650112598
Mindszentkálla,8282,Veszprém,,46.87884385,17.543879320943653
Káptalantóti,8283,Veszprém,,46.849705549999996,17.52033483087164
Nemesgulács,8284,Veszprém,,46.83463945,17.483448448026525
Gyulakeszi,8286,Veszprém,,46.863652349999995,17.48835880518206
Nagyvázsony,8291,Veszprém,,47.0179418,17.688271549260815
Öcs,8292,Veszprém,,47.0094675,17.605238641275918
Vigántpetend,8294,Veszprém,,46.9595903,17.610309544946603
Taliándörögd,8295,Veszprém,,46.98563405,17.57196305361832
Monostorapáti,8296,Veszprém,,46.92987495,17.552400698469278
Sáska,8308,Veszprém,,46.9542601,17.45889290513114
Nemesvita,8311,Veszprém,,46.8328282,17.38203324991179
Balatonederics,8312,Veszprém,,46.791642350000004,17.38664574175727
Balatongyörök,8313,Zala,,46.77181745,17.361324361935445
Vonyarcvashegy,8314,Zala,,46.7691798,17.315759851850686
Gyenesdiás,8315,Zala,,46.77505565,17.29232052479297
Várvölgy,8316,Zala,,46.864098,17.29642575842834
Lesencefalu,8317,Veszprém,,46.83815385,17.34132426869688
Lesencetomaj,8318,Veszprém,,46.875549050000004,17.383125198046876
Lesenceistvánd,8319,Veszprém,,46.89387895,17.35725315281043
Uzsa,8321,Veszprém,,46.9026979,17.32379559791434
Sümeg,8330,Veszprém,,46.961484150000004,17.30934623847978
Mihályfa,8341,Zala,,46.98269495,17.184501334797744
Óhíd,8342,Zala,,46.96150179999999,17.163691809367286
Zalaerdőd,8344,Veszprém,,47.056333249999994,17.121426181881507
Dabronc,8345,Veszprém,,47.0247841,17.14495535697734
Gógánfa,8346,Veszprém,,47.026208600000004,17.189872833795462
Ukk,8347,Veszprém,,47.039196450000006,17.227817727447935
Rigács,8348,Veszprém,,47.06576905,17.199438712271693
Zalagyömörő,8349,Veszprém,,47.015638499999994,17.23138664026318
Óbudavár,8272,Veszprém,,46.936659102519506,17.690077327018887
Zalameggyes,8348,Veszprém,,47.08030531554001,17.21874342236064
Tagyon,8272,Veszprém,,46.90296189782121,17.68017227989499
Berhida,8182,Veszprém,Peremartongyártelep,47.11705184678247,18.10850681110381
Badacsonytomaj,8257,Veszprém,Badacsonyörs,46.80730552938574,17.533887232005775
Badacsonytomaj,8261,Veszprém,Badacsony,46.78625675599316,17.493662311345208
Balatonfűzfő,8184,Veszprém,Fűzfőgyártelep,47.07938944624256,18.026296665171564
Kővágóörs,8255,Veszprém,Pálköve,46.82477892924421,17.594781965934786
Tapolca,8297,Veszprém,Diszel,46.88851428050043,17.496032062504565
Sümegprága,8351,Veszprém,,46.9346375,17.275682041467288
Bazsi,8352,Veszprém,,46.93837365,17.246053383046572
Zalaszántó,8353,Zala,,46.888986,17.232069880666828
Karmacs,8354,Zala,,46.84685,17.16217557374536
Vindornyaszőlős,8355,Zala,,46.890968,17.159012403056884
Nagygörbő,8356,Zala,,46.93064495,17.166535772972615
Sümegcsehi,8357,Zala,,46.94912395,17.215687450506998
Nemesbük,8371,Zala,,46.8216068,17.151585414093468
Cserszegtomaj,8372,Zala,,46.80054595,17.238637275480748
Rezi,8373,Zala,,46.8450438,17.227569282871883
Hévíz,8380,Zala,,46.7989266,17.185689997595112
Sármellék,8391,Zala,,46.7136554,17.163933030488202
Zalavár,8392,Zala,,46.6668511,17.17673734374373
Szentgyörgyvár,8393,Zala,,46.777613,17.132130861700496
Alsópáhok,8394,Zala,,46.7583461,17.170048264926972
Felsőpáhok,8395,Zala,,46.7901057,17.154403158215942
Úrkút,8409,Veszprém,,47.07176925,17.682752846742854
Eplény,8413,Veszprém,,47.2101115,17.92635714
Olaszfalu,8414,Veszprém,,47.2346933,17.942101304366318
Nagyesztergár,8415,Veszprém,,47.284983999999994,17.90640338656501
Dudar,8416,Veszprém,,47.305966850000004,17.94124638900471
Csetény,8417,Veszprém,,47.3140983,17.997417782341834
Bakonyoszlop,8418,Veszprém,,47.33636065,17.93595452
Csesznek,8419,Veszprém,,47.33153885,17.872578658540355
Zirc,8420,Veszprém,,47.25441105,17.871041453154888
Bakonynána,8422,Veszprém,,47.2716725,17.974642768026673
Szápár,8423,Veszprém,,47.31678255,18.042861848594356
Jásd,8424,Veszprém,,47.2868476,18.023207334173343
Lókút,8425,Veszprém,,47.197701949999995,17.85630506863251
Pénzesgyőr,8426,Veszprém,,47.233120150000005,17.784873484773723
Bakonybél,8427,Veszprém,,47.2435513,17.747712133040054
Borzavár,8428,Veszprém,,47.2840112,17.82437459314354
Porva,8429,Veszprém,,47.28936635,17.791975271021673
Bakonyszentkirály,8430,Veszprém,,47.3624674,17.877137842986006
Bakonyszentlászló,8431,Veszprém,,47.3663749,17.80396167516709
Fenyőfő,8432,Veszprém,,47.32465105,17.756711684504392
Bakonygyirót,8433,Veszprém,,47.41781495,17.801473487103223
Románd,8434,Veszprém,,47.4381282,17.783418081134222
Gic,8435,Veszprém,,47.42771345,17.761302221961508
Veszprémvarsány,8438,Veszprém,,47.4145748,17.842760600062583
Sikátor,8439,Veszprém,,47.42944455,17.872863996643357
Herend,8440,Veszprém,,47.1528096,17.742827160483365
Márkó,8441,Veszprém,,47.142606799999996,17.81425213
Hárskút,8442,Veszprém,,47.18817455,17.784975806561132
Bánd,8443,Veszprém,,47.11100475,17.8110137
Szentgál,8444,Veszprém,,47.1427201,17.69879251138088
Városlőd,8445,Veszprém,,47.1606694,17.66108015689871
Kislőd,8446,Veszprém,,47.140149550000004,17.618009435206634
Magyarpolány,8449,Veszprém,,47.18311555,17.553214912993283
Halimba,8452,Veszprém,,47.03194105,17.52723332966383
Nyirád,8454,Veszprém,,46.989257300000006,17.43073127
Pusztamiske,8455,Veszprém,,47.05099535,17.443790515939202
Noszlop,8456,Veszprém,,47.170779100000004,17.472484568898295
Bakonypölöske,8457,Veszprém,,47.2018733,17.489343990591784
Oroszi,8458,Veszprém,,47.16109925,17.418975184149474
Devecser,8460,Veszprém,,47.10683785,17.450276594916552
Kolontár,8468,Veszprém,,47.0634107,17.500911165093058
Kamond,8469,Veszprém,,47.140457350000005,17.221471337446552
Nemeshany,8471,Veszprém,,47.045546099999996,17.379381263313423
Gyepükaján,8473,Veszprém,,47.03603375,17.33120054472255
Csabrendek,8474,Veszprém,,47.02179955,17.296883512807668
Veszprémgalsa,8475,Veszprém,,47.0739305,17.270949320996166
Zalaszegvár,8476,Veszprém,,47.09955945,17.231545703743496
Tüskevár,8477,Veszprém,,47.1158619,17.31205607445107
Somlójenő,8478,Veszprém,,47.1209396,17.354491305487944
Borszörcsök,8479,Veszprém,,47.1354336,17.43103605
Somlóvásárhely,8481,Veszprém,,47.1122351,17.384253513229055
Doba,8482,Veszprém,,47.177257100000006,17.39633351968679
Somlószőlős,8483,Veszprém,,47.1785309,17.34727969
Nagyalásony,8484,Veszprém,,47.21598685,17.348606316666526
Dabrony,8485,Veszprém,,47.24156855,17.32176730163171
Karakószörcsök,8491,Veszprém,,47.12407755,17.28453062279516
Kerta,8492,Veszprém,,47.1608527,17.263389595113637
Iszkáz,8493,Veszprém,,47.16389305,17.310729687177172
Kiscsősz,8494,Veszprém,,47.19671685,17.278338770690638
Csögle,8495,Veszprém,,47.2235946,17.268741387974572
Nagypirit,8496,Veszprém,,47.1866846,17.232795745788295
Adorjánháza,8497,Veszprém,,47.24141285,17.240805293955752
Nyárád,8512,Veszprém,,47.28147215,17.35406476144577
Mihályháza,8513,Veszprém,,47.312278649999996,17.322318921035333
Mezőlak,8514,Veszprém,,47.34769885,17.364464886824905
Békás,8515,Veszprém,,47.33293775,17.34228673186231
Kemeneshőgyész,8516,Veszprém,,47.3608653,17.27822311329556
Magyargencs,8517,Veszprém,,47.39505225,17.26580224
Kemenesszentpéter,8518,Veszprém,,47.4182037,17.217191720708726
Somlóvecse,8484,Veszprém,,47.1948618,17.35101072754627
Hosztót,8475,Veszprém,,47.08550680917841,17.242116680587646
Egeralja,8497,Veszprém,,47.237088079780825,17.240793970714776
Kisberzseny,8477,Veszprém,,47.10564091690125,17.26628835692149
Bodorfa,8471,Veszprém,,47.07537579980771,17.34266587
Szentimrefalva,8475,Veszprém,,47.07401880239861,17.280919317697656
Veszprém,8411,Veszprém,Kádárta,47.120761672448694,17.950567951760835
Ajka,8448,Veszprém,Bakonygyepes,47.13673700103752,17.54973433258204
Ajka,8447,Veszprém,Ajkarendek,47.135628460011496,17.56898068
Veszprém,8412,Veszprém,Gyulafirátót,47.142146071983106,17.94878114259047
Ajka,8451,Veszprém,Padragkút,47.05915884406347,17.552200110347783
Pápa,8511,Veszprém,Borsosgyőr,47.312185671845384,17.430049292576943
Nagyacsád,8521,Veszprém,,47.3638943,17.38975977
Nemesgörzsöny,8522,Veszprém,,47.3937211,17.373951753477854
Egyházaskesző,8523,Veszprém,,47.414809250000005,17.30619275
Marcaltő,8532,Veszprém,,47.425036399999996,17.37970591659743
Malomsok,8533,Veszprém,,47.45176735,17.404707422242765
Takácsi,8541,Veszprém,,47.401783699999996,17.46405167618652
Vaszar,8542,Veszprém,,47.40277625,17.526314851457094
Gecse,8543,Veszprém,,47.447315950000004,17.528793943991854
Nagygyimót,8551,Veszprém,,47.35020875,17.544017937352336
Vanyola,8552,Veszprém,,47.39006155,17.594484753934115
Lovászpatona,8553,Veszprém,,47.436454100000006,17.605002893174365
Nagydém,8554,Veszprém,,47.44221485,17.69095755319897
Bakonytamási,8555,Veszprém,,47.4161424,17.727792162002828
Pápateszér,8556,Veszprém,,47.3796083,17.721663932402347
Bakonyszentiván,8557,Veszprém,,47.39495855,17.651723810390905
Csót,8558,Veszprém,,47.3637516,17.612642824559614
Adásztevel,8561,Veszprém,,47.30364685,17.537777163387002
Nagytevel,8562,Veszprém,,47.2846664,17.572623681485776
Homokbödöge,8563,Veszprém,,47.29404155,17.603019727936683
Ugod,8564,Veszprém,,47.30056175,17.656442487671786
Béb,8565,Veszprém,,47.336077849999995,17.58631715
Bakonykoppány,8571,Veszprém,,47.3311244,17.687962569742588
Bakonyszücs,8572,Veszprém,,47.3118833,17.726186066093398
Németbánya,8581,Veszprém,,47.23263944999999,17.646478949841878
Farkasgyepű,8582,Veszprém,,47.203296,17.616582785179553
Nóráp,8591,Veszprém,,47.277791050000005,17.456579646348402
Dáka,8592,Veszprém,,47.263604,17.409416834426914
Pápadereske,8593,Veszprém,,47.29394705,17.40040289796768
Pápasalamon,8594,Veszprém,,47.222553500000004,17.416568227576228
Kup,8595,Veszprém,,47.23723175,17.464927970231223
Pápakovácsi,8596,Veszprém,,47.26982045,17.491935962465043
Döbrönte,8597,Veszprém,,47.235946,17.53721260408416
Nyim,8612,Somogy,,46.799489300000005,18.09347220017386
Balatonendréd,8613,Somogy,,46.829169199999995,17.982250047780788
Bálványos,8614,Somogy,,46.78058505,17.965632993531568
Kőröshegy,8617,Somogy,,46.83064785,17.905928849281064
Kereki,8618,Somogy,,46.78725405,17.90660516
Pusztaszemes,8619,Somogy,,46.75956435,17.932441259791418
Zamárdi,8621,Somogy,,46.88026815,17.954937076976996
Szántód,8622,Somogy,,46.865904650000004,17.904762033093505
Balatonföldvár,8623,Somogy,,46.85425635,17.87211163844038
Balatonszárszó,8624,Somogy,,46.839770200000004,17.8328882
Szólád,8625,Somogy,,46.789182350000004,17.853703554567282
Teleki,8626,Somogy,,46.77481495,17.823273777018976
Kötcse,8627,Somogy,,46.74584145,17.879062218940852
Nagycsepely,8628,Somogy,,46.74164075,17.824315387736306
Balatonboglár,8630,Somogy,,46.76572145,17.661861192620442
Ordacsehi,8635,Somogy,,46.73852215,17.63287659359556
Balatonszemes,8636,Somogy,,46.805073750000005,17.75305603
Balatonőszöd,8637,Somogy,,46.81568815,17.800230788943622
Balatonlelle,8638,Somogy,,46.7817812,17.725720963090275
Fonyód,8640,Somogy,,46.74893085,17.553932727964966
Balatonfenyves,8646,Somogy,,46.70741195,17.46848716267686
Balatonmáriafürdő,8647,Somogy,,46.721148850000006,17.401770617881795
Balatonkeresztúr,8648,Somogy,,46.70137905,17.36615379253309
Balatonberény,8649,Somogy,,46.70634815,17.310248245210165
Balatonszabadi,8651,Somogy,,46.9094956,18.15963306670072
Siójut,8652,Somogy,,46.87292325,18.149487580820487
Ádánd,8653,Somogy,,46.843855250000004,18.164410842477075
Ságvár,8654,Somogy,,46.822958,18.075887669839414
Som,8655,Somogy,,46.77938255,18.129395892385784
Nagyberény,8656,Somogy,,46.7984493,18.177062049607372
Bábonymegyer,8658,Somogy,,46.75774185,18.100696464909753
Tab,8660,Somogy,,46.75888765,18.025331202165418
Sérsekszőlős,8660,Somogy,,46.75888765,18.025331202165418
Bedegkér,8666,Somogy,,46.66323665,18.05831233124568
Kánya,8667,Somogy,,46.69596545,18.055387138539313
Tengőd,8668,Somogy,,46.69945635,18.10799782182622
Miklósi,8669,Somogy,,46.645751149999995,18.00802353027273
Kapoly,8671,Somogy,,46.72454915,17.950665483186224
Zics,8672,Somogy,,46.679059800000005,17.984808127404065
Somogymeggyes,8673,Somogy,,46.7199138,17.906636040928255
Nágocs,8674,Somogy,,46.655285899999996,17.96973781080403
Andocs,8675,Somogy,,46.6550403,17.896891564383218
Karád,8676,Somogy,,46.68199785,17.85087709500352
Látrány,8681,Somogy,,46.74504415,17.759659271799908
Somogytúr,8683,Somogy,,46.690916900000005,17.76133006527253
Somogybabod,8684,Somogy,,46.6610705,17.77791532454049
Gamás,8685,Somogy,,46.620789599999995,17.770318853311345
Szőlősgyörök,8692,Somogy,,46.6985228,17.68727462459952
Lengyeltóti,8693,Somogy,,46.68251985,17.623777964845445
Hács,8694,Somogy,,46.638188400000004,17.695752625932773
Buzsák,8695,Somogy,,46.6582286,17.56587060143245
Táska,8696,Somogy,,46.6528333,17.51580647492215
Öreglak,8697,Somogy,,46.61066795,17.61235694260086
Somogyvár,8698,Somogy,,46.5811545,17.641130512815714
Somogyvámos,8699,Somogy,,46.56164425,17.698855762586454
Marcali,8700,Somogy,,46.5786617,17.415096916901625
Somogyszentpál,8705,Somogy,,46.6274162,17.47330468675456
Nikla,8706,Somogy,,46.574140549999996,17.52597991690973
Pusztakovácsi,8707,Somogy,,46.5477556,17.566243646554277
Somogyfajsz,8708,Somogy,,46.49890499999999,17.568883468133293
Visz,8681,Somogy,,46.72626630142919,17.783407443013804
Pápa,8598,Veszprém,Tapolcafő,47.28245457242269,17.519393744025532
Marcali,8709,Somogy,Horvátkút,46.59826740691329,17.344879363438338
Pápa,8591,Veszprém,Kéttornyúlak,47.29895232525496,17.446731347012634
Balatonboglár,8691,Somogy,Szőlőskislak,46.73867750792881,17.671186183567162
Marcaltő,8531,Veszprém,Ihász,47.39682785306795,17.42478571211478
Balatonszentgyörgy,8710,Somogy,,46.691736000000006,17.29401239296658
Vörs,8711,Somogy,,46.6678849,17.25248176
Balatonújlak,8712,Somogy,,46.6619642,17.354409052028657
Kéthely,8713,Somogy,,46.648836200000005,17.397824208208732
Mesztegnyő,8716,Somogy,,46.4868797,17.455522132562784
Szenyér,8717,Somogy,,46.459888,17.384657532945234
Tapsony,8718,Somogy,,46.45042385,17.327597097659897
Böhönye,8719,Somogy,,46.41462315,17.39258770656108
Vése,8721,Somogy,,46.4009218,17.283379788041294
Nemesdéd,8722,Somogy,,46.43818625,17.251615215994658
Varászló,8723,Somogy,,46.4355936,17.208004586163007
Inke,8724,Somogy,,46.389517,17.193799339140625
Iharosberény,8725,Somogy,,46.38414,17.118669949003284
Iharos,8726,Somogy,,46.331796600000004,17.122916669574472
Pogányszentpéter,8728,Somogy,,46.392506999999995,17.05008391319922
Hollád,8731,Somogy,,46.6456686,17.30410687763495
Sávoly,8732,Somogy,,46.6044373,17.24702303
Somogysámson,8733,Somogy,,46.60490025,17.305460102641078
Somogyzsitfa,8734,Somogy,,46.54699065,17.319629150881518
Csákány,8735,Somogy,,46.52902,17.271004517872182
Szőkedencs,8736,Somogy,,46.55543175,17.253686514831834
Somogysimonyi,8737,Somogy,,46.4827853,17.21639649561627
Nemesvid,8738,Somogy,,46.4920534,17.26807073213356
Nagyszakácsi,8739,Somogy,,46.4953804,17.333769106059854
Zalaapáti,8741,Zala,,46.74889895,17.099342572395614
Esztergályhorváti,8742,Zala,,46.6793773,17.112941801463617
Zalaszabar,8743,Zala,,46.64670725,17.11543137321241
Orosztony,8744,Zala,,46.61952005,17.07310429247549
Kerecseny,8745,Zala,,46.62169405,17.033736846614417
Nagyrada,8746,Zala,,46.6182951,17.12395271
Zalamerenye,8747,Zala,,46.581101000000004,17.115897013598246
Zalakaros,8749,Zala,,46.5529611,17.130409815513083
Balatonmagyaród,8753,Zala,,46.608257949999995,17.185018573728467
Galambok,8754,Zala,,46.48948165,17.159304464792896
Kisrécse,8756,Zala,,46.49443024999999,17.066592655636505
Pacsa,8761,Zala,,46.7277548,17.001655946109423
Szentpéterúr,8762,Zala,,46.756567849999996,17.046135748155596
Dióskál,8764,Zala,,46.678151650000004,17.050574904776298
Egeraracsa,8765,Zala,,46.6800472,17.08378827353972
Felsőrajk,8767,Zala,,46.6738878,16.981585863317015
Hahót,8771,Zala,,46.65088335,16.910304840927335
Zalaszentbalázs,8772,Zala,,46.5930436,16.909550216386567
Pölöskefő,8773,Zala,,46.592598249999995,16.95881522475611
Gelse,8774,Zala,,46.6025809,17.00094606982571
Magyarszentmiklós,8776,Zala,,46.54410125,16.92945892124458
Homokkomárom,8777,Zala,,46.512481050000005,16.92907731514829
Újudvar,8778,Zala,,46.54520445,16.995674650239074
Zalacsány,8782,Zala,,46.8081069,17.074722784165633
Kehidakustány,8784,Zala,,46.8429789,17.10660911
Kallósd,8785,Zala,,46.868599700000004,17.058897110808275
Zalaszentlászló,8788,Zala,,46.877931399999994,17.114646026760713
Zalaszentgrót,8790,Zala,,46.942930950000004,17.091446973030877
Zalavég,8792,Zala,,47.01758425,17.029315021949806
Tekenye,8793,Zala,,46.964273250000005,17.12604086874515
Türje,8796,Zala,,47.009035350000005,17.097080574985043
Batyk,8797,Zala,,46.99310165,17.045060587750427
Zalabér,8798,Zala,,46.96989515,17.023473908086892
Pakod,8799,Zala,,46.951867500000006,16.996839948744324
Nagybakónak,8821,Zala,,46.55040745,17.041423156429218
Zalaújlak,8822,Zala,,46.565232449999996,17.07309448845701
Sand,8824,Zala,,46.4178673,17.11984895707404
Miháld,8825,Zala,,46.45320755,17.126094969215274
Zalaszentjakab,8827,Zala,,46.47908625,17.135361533648705
Liszó,8832,Zala,,46.35864305,17.023047641191994
Murakeresztúr,8834,Zala,,46.35305945,16.876242122250126
Fityeház,8835,Zala,,46.37920575,16.90820789845838
Csurgó,8840,Somogy,,46.2707822,17.099952292954764
Szenta,8849,Somogy,,46.27077315,17.187645270838786
Gyékényes,8851,Somogy,,46.243905850000004,16.997602762756742
Zákány,8852,Somogy,,46.2592054,16.934521512844576
Zákányfalu,8853,Somogy,,46.28212995,16.95761067791834
Őrtilos,8854,Somogy,,46.2924067,16.912610149689733
Belezna,8855,Zala,,46.3436594,16.921981690638006
Surd,8856,Zala,,46.3289551,16.972932588675405
Nemespátró,8857,Zala,,46.327582699999994,17.01168143532543
Porrog,8858,Somogy,,46.29103805,17.014054319107167
Kacorlak,8773,Zala,,46.57480854,16.95376254370392
Magyarszerdahely,8776,Zala,,46.55488317943484,16.937462402332546
Csurgónagymarton,8840,Somogy,,46.29541369073732,17.08102042070538
Nagyrécse,8756,Zala,,46.48759156133314,17.052870017209724
Pat,8825,Zala,,46.441142860795495,17.183838867656547
Zalasárszeg,8756,Zala,,46.49231753403634,17.080620393903523
Porrogszentkirály,8858,Somogy,,46.27489903244169,17.040903283369257
Zalakomár,8752,Zala,Komárváros,46.522007457874714,17.178704429687578
Zalaszentgrót,8789,Zala,Zalaudvarnok,46.91280553599749,17.107259530818148
Zalakomár,8751,Zala,Kiskomárom,46.550771682003216,17.176216866809384
Zalaszentgrót,8795,Zala,Csáford,46.93468322029326,17.053280255663996
Nagykanizsa,8808,Zala,Palin,46.494766405623494,16.98434912733315
Zalaszentgrót,8785,Zala,Zalakoppány,46.886739507332535,17.071470168475894
Marcali,8714,Somogy,Bize,46.54377493932766,17.41616436405185
Nagykanizsa,8831,Zala,Miklósfa,46.4135703,16.998571124473823
Nagykanizsa,8809,Zala,Sánc,46.449035486674525,17.025289007572766
Porrogszentpál,8858,Somogy,,46.29103805,17.014054319107167
Szepetnek,8861,Zala,,46.4155089,16.894327867696386
Semjénháza,8862,Zala,,46.4038351,16.851576917075164
Molnári,8863,Zala,,46.38242545,16.84378319689327
Tótszerdahely,8864,Zala,,46.3942972,16.792524028995494
Tótszentmárton,8865,Zala,,46.4188325,16.805497795193986
Becsehely,8866,Zala,,46.44572115,16.800942351919556
Letenye,8868,Zala,,46.448931650000006,16.71190253786922
Muraszemenye,8872,Zala,,46.47892085,16.62887251957647
Csörnyeföld,8873,Zala,,46.5150196,16.636223719587633
Dobri,8874,Zala,,46.5111694,16.588398162992036
Tormafölde,8876,Zala,,46.5493677,16.618693852550077
Tornyiszentmiklós,8877,Zala,,46.5280379,16.548892686094696
Lovászi,8878,Zala,,46.551557599999995,16.56150789803123
Kerkateskánd,8879,Zala,,46.5751116,16.582999716553044
Sormás,8881,Zala,,46.47612945,16.916839016253846
Eszteregnye,8882,Zala,,46.4861413,16.881962206970815
Rigyác,8883,Zala,,46.4695793,16.85368709826802
Borsfa,8885,Zala,,46.5027826,16.786632821013512
Oltárc,8886,Zala,,46.5260169,16.843645517260413
Lasztonya,8887,Zala,,46.54978635,16.719512856627407
Kiscsehi,8888,Zala,,46.5276418,16.690717038938963
Várfölde,8891,Zala,,46.5619025,16.768489764467297
Szentliszló,8893,Zala,,46.585541,16.819737174036952
Pusztamagyaród,8895,Zala,,46.60901905,16.831899205551746
Pusztaszentlászló,8896,Zala,,46.63901965,16.83361335029255
Söjtör,8897,Zala,,46.6760297,16.865466791168334
Nagykutas,8911,Zala,,46.92376375,16.799159960421633
Kispáli,8912,Zala,,46.917407999999995,16.834287225976748
Egervár,8913,Zala,,46.93363345,16.850874224201924
Vasboldogasszony,8914,Zala,,46.93555895,16.887439886607766
Nemesrádó,8915,Zala,,46.776998649999996,17.000747626828435
Milejszeg,8917,Zala,,46.8052112,16.745542561728996
Csonkahegyhát,8918,Zala,,46.8085196,16.71441984
Kustánszeg,8919,Zala,,46.7847328,16.66603148921066
Zalaszentiván,8921,Zala,,46.887613099999996,16.900289446577105
Nemesapáti,8923,Zala,,46.853766300000004,16.96588033530129
Alsónemesapáti,8924,Zala,,46.8402227,16.932510983842036
Nemessándorháza,8925,Zala,,46.78129595,16.947170188821847
Kisbucsa,8926,Zala,,46.815242850000004,16.93103043807715
Nemeshetés,8928,Zala,,46.7975344,16.91454574703979
Pölöske,8929,Zala,,46.7428076,16.905794956499065
Kemendollár,8931,Zala,,46.918773400000006,16.928432931482646
Zalaistvánd,8932,Zala,,46.9181361,16.979202619882066
Bezeréd,8934,Zala,,46.8797365,17.021356375110045
Nagykapornak,8935,Zala,,46.8300976,16.999295091138677
Zalaszentmihály,8936,Zala,,46.729924,16.95656448660738
Bocfölde,8943,Zala,,46.772277700000004,16.846387875662458
Sárhida,8944,Zala,,46.7554813,16.84278237305879
Bak,8945,Zala,,46.7382331,16.825478765519883
Tófej,8946,Zala,,46.66277565,16.805916618361984
Zalatárnok,8947,Zala,,46.698895699999994,16.76039194102102
Nova,8948,Zala,,46.695422949999994,16.67057427794372
Mikekarácsonyfa,8949,Zala,,46.6686442,16.704940464697923
Gutorfölde,8951,Zala,,46.6506375,16.74877101916459
Szentpéterfölde,8953,Zala,,46.613933200000005,16.773246379556326
Ortaháza,8954,Zala,,46.62526675,16.69599290339974
Páka,8956,Zala,,46.58974465,16.69068450632603
Kissziget,8957,Zala,,46.641042600000006,16.659143531614173
Iklódbördőce,8958,Zala,,46.607923,16.613459780798273
Lenti,8960,Zala,,46.6321166,16.572020301670694
Gáborjánháza,8969,Zala,,46.63781935,16.425144445613437
Zalabaksa,8971,Zala,,46.696453000000005,16.553176567017506
Kerkakutas,8973,Zala,,46.7552122,16.480519796748695
Kiskutas,8911,Zala,,46.91226252768476,16.796294382515306
Bánokszentgyörgy,8891,Zala,,46.54619804568684,16.781972081059024
Bucsuta,8893,Zala,,46.563991259997785,16.833710719108026
Maróc,8888,Zala,,46.54780918191223,16.664943612341567
Németfalu,8918,Zala,,46.81573092059821,16.685287472948854
Alibánfa,8921,Zala,,46.88491310152857,16.92261389048288
Gyűrűs,8932,Zala,,46.88435319266263,16.99102759
Vöckönd,8931,Zala,,46.888798188065245,16.95405426343245
Búcsúszentlászló,8925,Zala,,46.787789979072336,16.932720294590254
Pusztaederics,8946,Zala,,46.63957587754391,16.798625689541698
Pókaszepetk,8932,Zala,,46.92406010344441,16.967588628693626
Szijártóháza,8969,Zala,,46.63369554139649,16.436837074900357
Gosztola,8960,Zala,,46.58710996915979,16.527408233656793
Pördefölde,8956,Zala,,46.58827052717391,16.711006250102894
Kerkafalva,8973,Zala,,46.770641413407915,16.486268008085037
Magyarföld,8973,Zala,,46.777507892614864,16.417774229678542
Kányavár,8956,Zala,,46.57184141273761,16.680363
Csertalakos,8951,Zala,,46.642318885987734,16.69907083204264
Zebecke,8957,Zala,,46.64329401242935,16.686212030312458
Alsószenterzsébet,8973,Zala,,46.744014240868026,16.47587391637212
Hernyék,8957,Zala,,46.648335262641275,16.641474265294836
Csömödér,8957,Zala,,46.60931950454745,16.639639778302087
Kerkabarabás,8971,Zala,,46.67964520470456,16.55580946439352
Csesztreg,8973,Zala,,46.71494044803907,16.51483621001264
Felsőszenterzsébet,8973,Zala,,46.75352158357458,16.454406200416237
Zalaszombatfa,8969,Zala,,46.63824263646487,16.44363653264505
Bödeháza,8969,Zala,,46.64542980448883,16.398540062083274
Zalaegerszeg,8904,Zala,Andráshida,46.866514112503566,16.794420122817446
Lenti,8966,Zala,Lentikápolna,46.65936567964773,16.54050173954384
Szentgyörgyvölgy,8975,Zala,,46.73400755,16.41541249
Nemesnép,8976,Zala,,46.70563445,16.449598769440087
Resznek,8977,Zala,,46.66813765,16.468025215001475
Rédics,8978,Zala,,46.60659065,16.483611091190745
Lickóvadamos,8981,Zala,,46.74754895,16.776325070781876
Babosdöbréte,8983,Zala,,46.7939211,16.77232780990076
Petrikeresztúr,8984,Zala,,46.73886185,16.735036067963325
Becsvölgye,8985,Zala,,46.75519985,16.689056606460746
Szilvágy,8986,Zala,,46.74354315,16.616546946739554
Kálócfa,8988,Zala,,46.7596895,16.566202845636898
Dobronhegy,8989,Zala,,46.81824965,16.75184887601175
Pálfiszeg,8990,Zala,,46.7787972,16.72270842753511
Hottó,8991,Zala,,46.8387405,16.738669692443068
Bagod,8992,Zala,,46.889995049999996,16.74330356
Kávás,8994,Zala,,46.86563975,16.703694855912502
Salomvár,8995,Zala,,46.824638449999995,16.64389994453343
Zalacséb,8996,Zala,,46.871117850000005,16.658894218039574
Zalaháshágy,8997,Zala,,46.892791349999996,16.62286417803837
Vaspör,8998,Zala,,46.9125056,16.658032829991534
Zalalövő,8999,Zala,,46.83164465,16.55923891516648
Győr,9011,Győr-Moson-Sopron,,47.701140800000005,17.758162307522056
Győr,9012,Győr-Moson-Sopron,,47.6221063,17.61014892683685
Győr,9021,Győr-Moson-Sopron,,47.68467725,17.632186276832662
Győr,9022,Győr-Moson-Sopron,,47.6885516,17.639373663016663
Győr,9023,Győr-Moson-Sopron,,47.6774769,17.654938473573775
Győr,9024,Győr-Moson-Sopron,,47.66177935,17.628658339083504
Győr,9025,Győr-Moson-Sopron,,47.6756448,17.594408966202774
Győr,9026,Győr-Moson-Sopron,,47.708029350000004,17.625616590993168
Győr,9027,Győr-Moson-Sopron,,47.696950799999996,17.68137135446797
Győr,9028,Győr-Moson-Sopron,,47.65868545,17.688554380717555
Győr,9029,Győr-Moson-Sopron,,47.71529715,17.651005032279087
Győr,9030,Győr-Moson-Sopron,,47.7346493,17.674733264469243
Vámosszabadi,9061,Győr-Moson-Sopron,,47.7522447,17.637679679725252
Vének,9062,Győr-Moson-Sopron,,47.74640445,17.721566182787598
Nagybajcs,9063,Győr-Moson-Sopron,,47.7677452,17.67890787004166
Gönyű,9071,Győr-Moson-Sopron,,47.72026255,17.81550143839757
Nagyszentjános,9072,Győr-Moson-Sopron,,47.7136814,17.87407953535133
Bőny,9073,Győr-Moson-Sopron,,47.65202135,17.84465918
Rétalap,9074,Győr-Moson-Sopron,,47.607628399999996,17.899140991796713
Győrújbarát,9081,Győr-Moson-Sopron,,47.60426345,17.646859130864996
Nyúl,9082,Győr-Moson-Sopron,,47.59417565,17.696365286148147
Écs,9083,Győr-Moson-Sopron,,47.55166215,17.70015158979819
Győrság,9084,Győr-Moson-Sopron,,47.5857194,17.751545549790336
Pázmándfalu,9085,Győr-Moson-Sopron,,47.5754706,17.78687557882276
Töltéstava,9086,Győr-Moson-Sopron,,47.629143400000004,17.731796065091725
Bakonypéterd,9088,Győr-Moson-Sopron,,47.4706719,17.790897084421687
Lázi,9089,Győr-Moson-Sopron,,47.46750685,17.837496200875215
Pannonhalma,9090,Győr-Moson-Sopron,,47.553180850000004,17.75183289939929
Ravazd,9091,Győr-Moson-Sopron,,47.4918603,17.73188287
Tarjánpuszta,9092,Győr-Moson-Sopron,,47.50293445,17.785688122867732
Győrasszonyfa,9093,Győr-Moson-Sopron,,47.4931385,17.812923777229493
Tápszentmiklós,9094,Győr-Moson-Sopron,,47.49355205,17.86336487541363
Táp,9095,Győr-Moson-Sopron,,47.522928750000005,17.844529483782786
Nyalka,9096,Győr-Moson-Sopron,,47.53485475,17.805465300768624
Mezőörs,9097,Győr-Moson-Sopron,,47.5789823,17.880549382718762
Pér,9099,Győr-Moson-Sopron,,47.62980845,17.792255082664237
Tét,9100,Győr-Moson-Sopron,,47.532498000000004,17.492995443275746
Tényő,9111,Győr-Moson-Sopron,,47.54479845,17.645385414460044
Sokorópátka,9112,Győr-Moson-Sopron,,47.4781538,17.684954633432092
Koroncó,9113,Győr-Moson-Sopron,,47.599040450000004,17.528945719737607
Győrszemere,9121,Győr-Moson-Sopron,,47.56415305,17.57494266560916
Felpéc,9122,Győr-Moson-Sopron,,47.52448405,17.585830570450472
Kajárpéc,9123,Győr-Moson-Sopron,,47.484088400000005,17.62330453153661
Gyömöre,9124,Győr-Moson-Sopron,,47.4939059,17.556156606734852
Szerecseny,9125,Győr-Moson-Sopron,,47.463813599999995,17.55517557607414
Gyarmat,9126,Győr-Moson-Sopron,,47.452242749999996,17.486187721087283
Csikvánd,9127,Győr-Moson-Sopron,,47.4709462,17.44801067439807
Mórichida,9131,Győr-Moson-Sopron,,47.50988735,17.438895604332455
Árpás,9132,Győr-Moson-Sopron,,47.51972925,17.3784834
Kisbabot,9133,Győr-Moson-Sopron,,47.5515889,17.41839268227627
Bodonhely,9134,Győr-Moson-Sopron,,47.563474,17.392760274126953
Rábaszentmihály,9135,Győr-Moson-Sopron,,47.5779911,17.450246731729464
Rábacsécsény,9136,Győr-Moson-Sopron,,47.60138825,17.435142349099777
Ikrény,9141,Győr-Moson-Sopron,,47.6595707,17.54355597
Rábapatona,9142,Győr-Moson-Sopron,,47.6471898,17.480880189817455
Enese,9143,Győr-Moson-Sopron,,47.65913785,17.44363868703976
Kóny,9144,Győr-Moson-Sopron,,47.63246205,17.37003741165921
Mérges,9136,Győr-Moson-Sopron,,47.601104694660755,17.443865981104203
Rábaszentmiklós,9133,Győr-Moson-Sopron,,47.538135643382525,17.41735005228495
Kisbajcs,9062,Győr-Moson-Sopron,,47.744904579376495,17.679794614805605
Vámosszabadi,9064,Győr-Moson-Sopron,Szitásdomb,47.72469419,17.648546045983878
Pér,9098,Győr-Moson-Sopron,Mindszentpuszta,47.580301747427896,17.83587820353836
Bágyogszovát,9145,Győr-Moson-Sopron,,47.58677305,17.360328919880846
Rábapordány,9146,Győr-Moson-Sopron,,47.56253555000001,17.32467102340523
Dör,9147,Győr-Moson-Sopron,,47.604305,17.311339823523404
Abda,9151,Győr-Moson-Sopron,,47.6994904,17.558287487144618
Börcs,9152,Győr-Moson-Sopron,,47.6928643,17.50248700511022
Öttevény,9153,Győr-Moson-Sopron,,47.74039795,17.483871433285387
Mosonszentmiklós,9154,Győr-Moson-Sopron,,47.721956399999996,17.438308509727992
Lébény,9155,Győr-Moson-Sopron,,47.752738199999996,17.341730848180283
Győrsövényház,9161,Győr-Moson-Sopron,,47.69101475,17.39570299929315
Bezi,9162,Győr-Moson-Sopron,,47.66505935,17.406665288681396
Fehértó,9163,Győr-Moson-Sopron,,47.67814685,17.341872501809135
Markotabödöge,9164,Győr-Moson-Sopron,,47.6777508,17.30342173381227
Cakóháza,9165,Győr-Moson-Sopron,,47.7095482,17.295048444077032
Bősárkány,9167,Győr-Moson-Sopron,,47.69561935,17.224999860313073
Barbacs,9169,Győr-Moson-Sopron,,47.65133805,17.295139033815268
Győrújfalu,9171,Győr-Moson-Sopron,,47.72451565,17.603700165561232
Győrzámoly,9172,Győr-Moson-Sopron,,47.76206425,17.59218193743974
Győrladamér,9173,Győr-Moson-Sopron,,47.76832295,17.57415855796183
Dunaszeg,9174,Győr-Moson-Sopron,,47.779214249999995,17.551257621550832
Dunaszentpál,9175,Győr-Moson-Sopron,,47.774898050000004,17.49451793567244
Mecsér,9176,Győr-Moson-Sopron,,47.79409235,17.45835349454147
Ásványráró,9177,Győr-Moson-Sopron,,47.82431575,17.51945514570093
Hédervár,9178,Győr-Moson-Sopron,,47.8219048,17.455477019802238
Kimle,9181,Győr-Moson-Sopron,,47.82555725,17.385681400100616
Károlyháza,9182,Győr-Moson-Sopron,,47.8000956,17.323067630956455
Kunsziget,9184,Győr-Moson-Sopron,,47.7473088,17.53093237825849
Feketeerdő,9211,Győr-Moson-Sopron,,47.9330839,17.281238322189104
Levél,9221,Győr-Moson-Sopron,,47.88578295,17.19427225
Hegyeshalom,9222,Győr-Moson-Sopron,,47.92033055,17.157519096606165
Bezenye,9223,Győr-Moson-Sopron,,47.9497037,17.230877708011146
Rajka,9224,Győr-Moson-Sopron,,47.98505605,17.18496385
Dunakiliti,9225,Győr-Moson-Sopron,,47.965683150000004,17.308975453170888
Dunasziget,9226,Győr-Moson-Sopron,,47.9433224,17.366741473954328
Halászi,9228,Győr-Moson-Sopron,,47.8981672,17.338586623214887
Máriakálnok,9231,Győr-Moson-Sopron,,47.856857500000004,17.32512310538653
Darnózseli,9232,Győr-Moson-Sopron,,47.85171685,17.424637169983598
Lipót,9233,Győr-Moson-Sopron,,47.8586326,17.491155617876807
Kisbodak,9234,Győr-Moson-Sopron,,47.90220795,17.41903343
Püski,9235,Győr-Moson-Sopron,,47.88958815,17.404753695581253
Várbalog,9243,Győr-Moson-Sopron,,47.84480885,17.07264149232101
Újrónafő,9244,Győr-Moson-Sopron,,47.7952981,17.230091309808774
Mosonszolnok,9245,Győr-Moson-Sopron,,47.84431775,17.17092753378295
Mosonudvar,9246,Győr-Moson-Sopron,,47.84399105,17.22430351760021
Csorna,9300,Győr-Moson-Sopron,,47.620615349999994,17.266310368970245
Pásztori,9311,Győr-Moson-Sopron,,47.5557963,17.27827565927278
Szilsárkány,9312,Győr-Moson-Sopron,,47.540046000000004,17.24868050319744
Rábacsanak,9313,Győr-Moson-Sopron,,47.52206605,17.295938259542787
Egyed,9314,Győr-Moson-Sopron,,47.51562845,17.34311160188596
Sobor,9315,Győr-Moson-Sopron,,47.476337400000006,17.365320850957787
Rábaszentandrás,9316,Győr-Moson-Sopron,,47.46402465,17.336878107340468
Szany,9317,Győr-Moson-Sopron,,47.467842000000005,17.287076428637118
Farád,9321,Győr-Moson-Sopron,,47.622240649999995,17.19554115293765
Rábatamási,9322,Győr-Moson-Sopron,,47.614994499999995,17.154981065678783
Jobaháza,9323,Győr-Moson-Sopron,,47.57990505,17.18805013466398
Bogyoszló,9324,Győr-Moson-Sopron,,47.5561811,17.16596251
Szil,9326,Győr-Moson-Sopron,,47.488248549999994,17.239508846260442
Vág,9327,Győr-Moson-Sopron,,47.45212,17.21889198426757
Kapuvár,9330,Győr-Moson-Sopron,,47.62733785,17.022822192653464
Kisfalud,9341,Győr-Moson-Sopron,,47.53661665,17.08835116
Mihályi,9342,Győr-Moson-Sopron,,47.5154445,17.100467021303807
Beled,9343,Győr-Moson-Sopron,,47.464860650000006,17.10191136832607
Rábakecöl,9344,Győr-Moson-Sopron,,47.42530295,17.094788014173847
Páli,9345,Győr-Moson-Sopron,,47.47140575,17.168865950672636
Zsebeháza,9346,Győr-Moson-Sopron,,47.5140575,17.179417751681868
Babót,9351,Győr-Moson-Sopron,,47.57580475,17.085162382674845
Veszkény,9352,Győr-Moson-Sopron,,47.606818450000006,17.08496670792843
Szárföld,9353,Győr-Moson-Sopron,,47.59429575,17.13377008828677
Osli,9354,Győr-Moson-Sopron,,47.6360734,17.08445562542572
Hövej,9361,Győr-Moson-Sopron,,47.55042135,17.013299644329628
Himod,9362,Győr-Moson-Sopron,,47.5257847,17.02286522
Gyóró,9363,Győr-Moson-Sopron,,47.49882985,17.033316118011562
Cirák,9364,Győr-Moson-Sopron,,47.479325,17.034768566910138
Dénesfa,9365,Győr-Moson-Sopron,,47.469215500000004,16.993576945893594
Vitnyéd,9371,Győr-Moson-Sopron,,47.5839193,16.973215069689083
Csapod,9372,Győr-Moson-Sopron,,47.52451635,16.935997147848436
Pusztacsalád,9373,Győr-Moson-Sopron,,47.504423849999995,16.87848172338613
Iván,9374,Győr-Moson-Sopron,,47.45102275,16.915900179645682
Répceszemere,9375,Győr-Moson-Sopron,,47.4242467,16.970580245473755
Jánossomorja,9167,Győr-Moson-Sopron,Hanságliget,47.72005361,17.21888865176153
Kapuvár,9339,Győr-Moson-Sopron,Öntésmajor,47.644065070000856,17.046852076384788
Csorna,9168,Győr-Moson-Sopron,Földsziget,47.66849303376238,17.15439564
Jánossomorja,9241,Győr-Moson-Sopron,Mosonszentjános,47.78005056203803,17.144034019930373
Jánossomorja,9243,Győr-Moson-Sopron,Újtanya,47.334289394271885,19.516078667622704
Mosonszentmiklós,9183,Győr-Moson-Sopron,Mosonújhely,47.767277945401126,17.42437129557311
Jánossomorja,9242,Győr-Moson-Sopron,Pusztasomorja,47.77492783593038,17.108362112053847
Fertőrákos,9421,Győr-Moson-Sopron,,47.72551885,16.64444575360206
Harka,9422,Győr-Moson-Sopron,,47.6326921,16.586053366321885
Ágfalva,9423,Győr-Moson-Sopron,,47.6870236,16.508234490435022
Fertőd,9431,Győr-Moson-Sopron,,47.646887750000005,16.915610455301135
Sarród,9435,Győr-Moson-Sopron,,47.670992749999996,16.86644968752284
Fertőszéplak,9436,Győr-Moson-Sopron,,47.63672475,16.832087425507986
Hegykő,9437,Győr-Moson-Sopron,,47.62880365,16.799929941958368
Agyagosszergény,9441,Győr-Moson-Sopron,,47.620211999999995,16.94972225011011
Fertőendréd,9442,Győr-Moson-Sopron,,47.5880123,16.920405201957273
Petőháza,9443,Győr-Moson-Sopron,,47.5988544,16.893207385454986
Fertőszentmiklós,9444,Győr-Moson-Sopron,,47.5634498,16.891665535910203
Röjtökmuzsaj,9451,Győr-Moson-Sopron,,47.5488376,16.832537223274716
Lövő,9461,Győr-Moson-Sopron,,47.50859905,16.79364490308994
Völcsej,9462,Győr-Moson-Sopron,,47.50526415,16.755040599497107
Und,9464,Győr-Moson-Sopron,,47.48644505,16.69624014731939
Nemeskér,9471,Győr-Moson-Sopron,,47.48728505,16.81408948564686
Újkér,9472,Győr-Moson-Sopron,,47.4711726,16.84022773
Egyházasfalu,9473,Győr-Moson-Sopron,,47.4609775,16.75591485811235
Szakony,9474,Győr-Moson-Sopron,,47.43515465,16.720795381725466
Répcevis,9475,Győr-Moson-Sopron,,47.4420884,16.668065466363338
Zsira,9476,Győr-Moson-Sopron,,47.4760933,16.6783734
Pinnye,9481,Győr-Moson-Sopron,,47.590641149999996,16.775943088799142
Nagylózs,9482,Győr-Moson-Sopron,,47.5683563,16.77939639573038
Pereszteg,9484,Győr-Moson-Sopron,,47.580789800000005,16.72545847025517
Nagycenk,9485,Győr-Moson-Sopron,,47.59454345,16.691930243894483
Hidegség,9491,Győr-Moson-Sopron,,47.66065315,16.73901414108162
Fertőhomok,9492,Győr-Moson-Sopron,,47.64009735,16.762188987176586
Fertőboz,9493,Győr-Moson-Sopron,,47.65750955,16.712567207108258
Kópháza,9495,Győr-Moson-Sopron,,47.63934225,16.641762838037874
Celldömölk,9500,Vas,,47.2361563,17.15850345002106
Kemenesmihályfa,9511,Vas,,47.297653499999996,17.096118030635424
Ostffyasszonyfa,9512,Vas,,47.321064500000006,17.038443962488877
Csönge,9513,Vas,,47.34890805,17.080727249587845
Kenyeri,9514,Vas,,47.37878595,17.080301639621048
Pápoc,9515,Vas,,47.402891,17.14859941635068
Vönöck,9516,Vas,,47.3266676,17.153872965132607
Kemenessömjén,9517,Vas,,47.3074686,17.12523112583696
Kemenesszentmárton,9521,Vas,,47.294465,17.161388189977117
Kemenesmagasi,9522,Vas,,47.3481255,17.19266051690426
Szergény,9523,Vas,,47.33583175,17.254628772451596
Mersevát,9531,Vas,,47.2847091,17.188726122156794
Külsővat,9532,Vas,,47.2856046,17.240428409880487
Nemesszalók,9533,Vas,,47.2720133,17.29569345340449
Marcalgergelyi,9534,Vas,,47.3013153,17.274798791537275
Boba,9542,Vas,,47.1894517,17.179975782874642
Kemenespálfa,9544,Vas,,47.148968999999994,17.171461650022568
Jánosháza,9545,Vas,,47.11460715,17.156930494230075
Karakó,9547,Vas,,47.1116631,17.200105622795107
Nemeskeresztúr,9548,Vas,,47.088018250000005,17.18782673598961
Keléd,9549,Vas,,47.0770774,17.103396253174125
Mesteri,9551,Vas,,47.23960755,17.091981183957593
Vásárosmiske,9552,Vas,,47.20879375,17.072234619572995
Köcsk,9553,Vas,,47.20018845,17.110613468168843
Egyházashetye,9554,Vas,,47.162834950000004,17.114245136790444
Kissomlyó,9555,Vas,,47.141235,17.09204320928362
Duka,9556,Vas,,47.1083055,17.11210237356446
Nagysimonyi,9561,Vas,,47.272942,17.072831483557515
Sárvár,9600,Vas,,47.26065165,16.931875936552462
Csénye,9611,Vas,,47.2428312,16.866883402115192
Bögöt,9612,Vas,,47.24461395,16.813291013833343
Ölbő,9621,Vas,,47.291024300000004,16.855659291944917
Szeleste,9622,Vas,,47.31370995,16.821077125907106
Répceszentgyörgy,9623,Vas,,47.346822200000005,16.84752536329397
Chernelházadamonya,9624,Vas,,47.37429775,16.837487759386477
Bő,9625,Vas,,47.3702361,16.81084466262842
Hegyfalu,9631,Vas,,47.339191299999996,16.879280478839988
Sajtoskál,9632,Vas,,47.40439325,16.85133620754702
Simaság,9633,Vas,,47.42921555,16.840478916637664
Lócs,9634,Vas,,47.41519975,16.807933361203922
Zsédeny,9635,Vas,,47.333232550000005,16.906998704143433
Pósfa,9636,Vas,,47.32458445,16.862069368609014
Rábapaty,9641,Vas,,47.30188305,16.932882182471985
Jákfa,9643,Vas,,47.3408891,16.960780280942938
Uraiújfalu,9651,Vas,,47.362815999999995,16.98699808322467
Nick,9652,Vas,,47.3910973,17.01806024401715
Répcelak,9653,Vas,,47.4200364,17.020359789658052
Csánig,9654,Vas,,47.44357975,17.04902524961522
Vasegerszeg,9661,Vas,,47.36607095,16.921338093265703
Tompaládony,9662,Vas,,47.3776334,16.879767748243687
Nemesládony,9663,Vas,,47.40796465,16.89228948574779
Nagygeresd,9664,Vas,,47.39652275,16.920788258751053
Vámoscsalád,9665,Vas,,47.39879575,16.97182609
Sitke,9671,Vas,,47.2559859,17.018412237650253
Gérce,9672,Vas,,47.2063533,17.02683931625041
Káld,9673,Vas,,47.14956205,17.018600213356123
Vashosszúfalu,9674,Vas,,47.1127416,17.069079489739046
Bögöte,9675,Vas,,47.06079125,17.05650029542224
Hosszúpereszteg,9676,Vas,,47.080271100000004,16.99916510595099
Sótony,9681,Vas,,47.20177895,16.95646879441889
Nyőgér,9682,Vas,,47.17426275,16.946360311198166
Bejcgyertyános,9683,Vas,,47.16479565,16.924185980011274
Egervölgy,9684,Vas,,47.1239967,16.927870387219784
Szemenye,9685,Vas,,47.09726005,16.91434426921877
Mesterháza,9662,Vas,,47.373233124523516,16.862573124920182
Sárvár,9608,Vas,Rábasömjén,47.27922189663565,16.916135205347732
Celldömölk,9541,Vas,Izsákfa,47.21529409433262,17.15469102332374
Sárvár,9609,Vas,Lánkapuszta,47.28446063104465,17.013950631187015
Sarród,9434,Győr-Moson-Sopron,Fertőújlak,47.69284935097683,16.844685585455142
Fertőd,9433,Győr-Moson-Sopron,Tőzeggyármajor,47.677507263103855,16.951226334143357
Sarród,9438,Győr-Moson-Sopron,Nyárliget,47.66010494778025,16.89211940856721
Gencsapáti,9721,Vas,,47.28446275,16.60396663532772
Perenye,9722,Vas,,47.305443350000004,16.548936954816295
Gyöngyösfalu,9723,Vas,,47.31558975,16.587641163505726
Lukácsháza,9724,Vas,,47.341803049999996,16.585797374361068
Kőszegdoroszló,9725,Vas,,47.339527000000004,16.534418361126924
Velem,9726,Vas,,47.348791899999995,16.476077534789646
Bozsok,9727,Vas,,47.3197028,16.49246791722815
Kőszeg,9730,Vas,,47.382726149999996,16.53041314143912
Horvátzsidány,9733,Vas,,47.3997002,16.62161113609769
Peresznye,9734,Vas,,47.428426849999994,16.635695069826504
Csepreg,9735,Vas,,47.3884238,16.686315412174427
Tormásliget,9736,Vas,,47.4292776,16.77921758311378
Bük,9737,Vas,,47.38536315,16.754204183917373
Tömörd,9738,Vas,,47.3657349,16.67207091
Pusztacsó,9739,Vas,,47.343204549999996,16.633257877366525
Vassurány,9741,Vas,,47.27690585,16.69471020508663
Salköveskút,9742,Vas,,47.304291899999996,16.703885630074474
Söpte,9743,Vas,,47.28600525,16.649425448532625
Vasasszonyfa,9744,Vas,,47.3176173,16.670927507501737
Meszlen,9745,Vas,,47.336487500000004,16.699763804270486
Acsád,9746,Vas,,47.33120785,16.74987277853043
Vasszilvágy,9747,Vas,,47.3054748,16.760127376507064
Vát,9748,Vas,,47.27663455,16.785989021273146
Nemesbőd,9749,Vas,,47.270198199999996,16.734050528934063
Vép,9751,Vas,,47.232841449999995,16.737432303763235
Kenéz,9752,Vas,,47.2074578,16.77833819814439
Pecöl,9754,Vas,,47.19906295,16.835927399952688
Ikervár,9756,Vas,,47.196981750000006,16.891729722409014
Meggyeskovácsi,9757,Vas,,47.158270349999995,16.862090139221728
Táplánszentkereszt,9761,Vas,,47.18789255,16.69894112066781
Tanakajd,9762,Vas,,47.181320150000005,16.731031725108558
Vasszécseny,9763,Vas,,47.1750725,16.771986865455442
Csempeszkopács,9764,Vas,,47.1579331,16.803279513882686
Rum,9766,Vas,,47.1183073,16.832001211506814
Balogunyom,9771,Vas,,47.1595827,16.654645562221837
Kisunyom,9772,Vas,,47.13658035,16.63691705090586
Sorokpolány,9773,Vas,,47.1298046,16.673435089200808
Sorkifalud,9774,Vas,,47.132895700000006,16.727370098096205
Nemeskolta,9775,Vas,,47.14369495,16.77667625039892
Püspökmolnári,9776,Vas,,47.0973373,16.79396470050125
Rábahídvég,9777,Vas,,47.08299925,16.739123042882344
Egyházashollós,9781,Vas,,47.0540919,16.70733657381527
Nemesrempehollós,9782,Vas,,47.0885971,16.689321324029866
Egyházasrádóc,9783,Vas,,47.0916476,16.634786059188585
Rádóckölked,9784,Vas,,47.072357499999995,16.56834714111197
Sé,9789,Vas,,47.236336699999995,16.55767068458951
Dozmat,9791,Vas,,47.2307436,16.518331291316095
Bucsu,9792,Vas,,47.26686985,16.504209926280332
Narda,9793,Vas,,47.23585985,16.463979857618014
Felsőcsatár,9794,Vas,,47.21241055,16.47808795538147
Vaskeresztes,9795,Vas,,47.1961788,16.456644494794247
Pornóapáti,9796,Vas,,47.1662712,16.490445221207906
Nárai,9797,Vas,,47.19007655,16.54373248442803
Ják,9798,Vas,,47.1393978,16.568593128008885
Szentpéterfa,9799,Vas,,47.09058265,16.506630083669748
Vasvár,9800,Vas,,47.03898285,16.78439100729148
Andrásfa,9811,Vas,,46.96374015000001,16.799844034374413
Telekes,9812,Vas,,46.943009450000005,16.76454049710977
Gersekarát,9813,Vas,,46.9748703,16.744697711714068
Halastó,9814,Vas,,46.9459839,16.68838511
Hegyhátszentpéter,9821,Vas,,46.99485875,16.819338566111966
Pácsony,9823,Vas,,47.01851205,16.850869754935594
Olaszfa,9824,Vas,,47.0061921,16.895618652132306
Oszkó,9825,Vas,,47.0407664,16.871643481387068
Petőmihályfa,9826,Vas,,46.983475299999995,16.782763723666626
Bérbaltavár,9831,Vas,,47.0046851,16.96919784114739
Nagytilaj,9832,Vas,,46.97950535,16.94954832314854
Csehi,9833,Vas,,47.0460971,16.92164390541515
Csehimindszent,9834,Vas,,47.08109665,16.959763944382182
Mikosszéplak,9835,Vas,,47.0433158,16.98769894747449
Csipkerek,9836,Vas,,47.09296755,16.944208618470565
Kám,9841,Vas,,47.10124795,16.88084325287454
Alsóújlak,9842,Vas,,47.07578195,16.85263886350203
Körmend,9900,Vas,,47.01819615,16.597697830989667
Magyarnádalja,9909,Vas,,47.02349015,16.53927683409375
Magyarszecsőd,9912,Vas,,47.04221705,16.658451786882864
Szarvaskend,9913,Vas,,46.989685,16.67187470743489
Döbörhegy,9914,Vas,,46.9947767,16.71166397422988
Nádasd,9915,Vas,,46.95228985,16.624774571786638
Daraboshegy,9917,Vas,,46.9578776,16.566254833123274
Felsőmarác,9918,Vas,,46.9355887,16.53859056219386
Csákánydoroszló,9919,Vas,,46.9723209,16.507879156058983
Vasalja,9921,Vas,,47.029964750000005,16.513029075874265
Pinkamindszent,9922,Vas,,47.038324349999996,16.475104708461327
Kemestaródfa,9923,Vas,,46.9955678,16.511347037289617
Hegyhátszentmárton,9931,Vas,,46.92151885,16.476410295691572
Viszák,9932,Vas,,46.8881382,16.482226628221518
Őrimagyarósd,9933,Vas,,46.89730315,16.534010094477765
Hegyhátszentjakab,9934,Vas,,46.861091099999996,16.547157029314548
Döröske,9913,Vas,,47.01052240467897,16.696375478252005
Sorkikápolna,9774,Vas,,47.13998544907864,16.698483158636794
Nagykölked,9784,Vas,,47.066325756027105,16.552599732015523
Ivánc,9931,Vas,,46.94051516836404,16.49987267
Bük,9740,Vas,Bükfürdő,47.38267953839869,16.78715852
Meggyeskovácsi,9764,Vas,Ilonapuszta,47.155239487536946,16.807173765865237
Szombathely,9707,Vas,Herény,47.26040859428908,16.60006759484563
Körmend,9909,Vas,Horvátnádalja,47.00320608792038,16.55671255839644
Szőce,9935,Vas,,46.90278525,16.58429245262556
Kisrákos,9936,Vas,,46.861563000000004,16.491521885120207
Pankasz,9937,Vas,,46.83218905,16.494616480778234
Nagyrákos,9938,Vas,,46.822788,16.46300092334885
Őriszentpéter,9941,Vas,,46.843758,16.40799253188846
Kondorfa,9943,Vas,,46.895524300000005,16.393890338922134
Bajánsenye,9944,Vas,,46.81062185,16.377572231084564
Kercaszomor,9945,Vas,,46.79135935,16.34612617761082
Velemér,9946,Vas,,46.747144399999996,16.362477298401345
Rátót,9951,Vas,,46.966062199999996,16.425389387268886
Gasztony,9952,Vas,,46.967422400000004,16.452591732456877
Vasszentmihály,9953,Vas,,46.979085049999995,16.39876573588631
Rönök,9954,Vas,,46.986315399999995,16.36258352500645
Rábagyarmat,9961,Vas,,46.9332075,16.420795117434736
Csörötnek,9962,Vas,,46.93339985,16.35845252876827
Szentgotthárd,9970,Vas,,46.94696385,16.287480855948804
Apátistvánfalva,9982,Vas,,46.89729955,16.26415524382535
Szakonyfalu,9983,Vas,,46.915132850000006,16.215438677613292
Felsőszölnök,9985,Vas,,46.881424100000004,16.16878908128252
Kétvölgy,9982,Vas,,46.880673786877345,16.223502245273842
Szatta,9938,Vas,,46.79798386413727,16.480597062227787
Alsószölnök,9983,Vas,,46.92634051470155,16.203406652144775
Magyarlak,9962,Vas,,46.95041143117373,16.345262885174918
Orfalu,9982,Vas,,46.87997573023013,16.2686582
Kerkáskápolna,9944,Vas,,46.785408213814804,16.427508756427414
Magyarszombatfa,9946,Vas,,46.759909957168105,16.342175991461414
Ispánk,9941,Vas,,46.86410063022026,16.439755017957854
Nemesmedves,9953,Vas,,46.99828529275755,16.401301269463662
Szentgotthárd,9981,Vas,Farkasfa,46.90460700505996,16.31072859901591
Szentgotthárd,9955,Vas,Rábafüzes,46.981876424202014,16.28858621618177
Szalafő,9942,Vas,,46.86680785,16.340176093726626